,01-school,02-city,03-perioxi,04-category,05-subcategory,06-customCategory,07-organization,08-facebook,09-website,10-logo,11-address,12-zipcode,13-phone,14-email,15-courses,16-place,17-rensponsible,18-description,19-verified,20-mapblock,21-yearCreated,22-dataOrigin,23-mobile,24-type,25-toPublish,26-UID,27-facebookID,28-profilePhoto,29-coverPhoto,30-userID,31-dateAdded,32-slugCategories,33-slugSubcategories,34-longitude,35-latitude,36-Fetchrss
0,TANGart,Αθήνα,,Χορός,Τάνγκο,,,https://el-gr.facebook.com/tangart.greece/,http://www.tangart.gr/,,"Kallirrois 10, Athina 117 43, Greece",,,,,,,,NO,,,google-hunter,,,YES,68,tangart.greece,,,,,xoros,tango,23.7317276,37.9669507,
1,Κρατική Σχολή Ορχηστικής Τέχνης (ΚΣΟΤ),Αθήνα,,Χορός,Μοντέρνος Χορός,,,https://www.facebook.com/nationalschoolofdance/,http://www.ksot.gr/,,"Omirou 55, Athina 106 72, Greece",,21 0361 2263,auditions@ksot.gr,,,,,NO,,,google-hunter,,,YES,71,nationalschoolofdance,,,,,xoros,modern-dance,23.73829,37.98089,
2,Quickstep Dance School,Αθήνα,,Χορός,Τάνγκο,,,https://www.facebook.com/quickstep.danceschool?fref=ts,http://www.quickstep.gr/,,"Imittou 119, Athina 116 33, Greece",,21 0722 2340,info@quickstep.gr,,,,,NO,,,google-hunter,,,YES,72,quickstep.danceschool,,,,,xoros,tango,23.7500896,37.9657898,
3,GADALA ΕΞΕΙΔΙΚΕΥΜΕΝΕΣ ΣΧΟΛΕΣ ΧΟΡΟΥ ORIENTAL,Αθήνα,,Μουσική,Ωδείο,,,https://www.facebook.com/sxoli.xorou.oriental/,http://www.gadala.gr/,,"Agias Eleousis 5, Athina 105 54, Greece",,21 0321 1008,info@gadala.gr,,,,,NO,,,google-hunter,,,YES,75,sxoli.xorou.oriental,,,,,mousiki,odeio,23.72569309,37.97766393,
4,tangoFIX,Αθήνα,,Χορός,Τάνγκο,,,https://el-gr.facebook.com/tangoFIXathens/,http://tangofix.gr/el/,,"& 66,, Leof. Andrea Siggrou ke Diliados, Athina 117 42, Greece",,,,,,,,NO,,,google-hunter,,,YES,76,tangoFIXathens,,,,,xoros,tango,23.72078848,37.95971179,
5,Pole Jam,Αθήνα,,Χορός,Pole Dance,,,https://el-gr.facebook.com/polejamathens/,http://www.polejam.gr/,,"Agias Eleousis 5, Athina 105 54, Greece",,693 636 6880,,,,,,NO,,,google-hunter,,,YES,78,polejamathens,,,,,xoros,pole-dance,23.72575,37.97793,
6,Apollon Dance Studio,Αθήνα,,Χορός,Salsa,,,http://el-gr.facebook.com/pages/Apollon-Dance-Studio/260252274027397,http://apollondancestudio.gr/,,"Klisouras 20, Agii Anargiri 135 61, Greece",,21 0269 2502,info@apollondancestudio.gr,,,,,NO,,,google-hunter,,,YES,79,Apollon-Dance-Studio,,,,,xoros,salsa,,,
7,El Abrazo,Αθήνα,,Χορός,Τάνγκο,,,https://www.facebook.com/elabrazotangoscholi,http://www.elabrazotango.gr/,,"Kapeten Petroutsou 7, Athina 115 23, Greece",,21 0644 4958,info@elabrazotango.gr,,,,,NO,,,google-hunter,,,YES,80,elabrazotangoscholi,,,,,xoros,tango,23.7597275,37.9893913,
8,Cubania Dancehouse,Αθήνα,,Χορός,Salsa,,,https://el-gr.facebook.com/cubaniadancehouse/,http://cubania.gr/,,"Leof. Kifisias 1, Athina 115 23, Greece",,,,,,,,NO,,,google-hunter,,,YES,81,cubaniadancehouse,,,,,xoros,salsa,23.7612799,37.9867461,
9,Dance Up,Αθήνα,,Χορός,Μοντέρνος Χορός,,,https://www.facebook.com/danceUp.gr/events,http://www.danceup.gr/,,"5th Floor, Protogenous 1, Athina 105 54, Greece",,,,,,,,NO,,,google-hunter,,,YES,83,danceUp.gr,,,,,xoros,modern-dance,23.72633,37.9782,
10,POLOSI Pole Studio,Αθήνα,,Χορός,Pole Dance,,,https://el-gr.facebook.com/PolosiAthens/,http://www.polosi.gr/,,"Asklipiou 156, Athina 114 71, Greece",,,,,,,,NO,,,google-hunter,,,YES,84,PolosiAthens,,,,,xoros,pole-dance,23.74843955,37.98851061,
11,Rising Stars Dance Academy,Αθήνα,,Χορός,Cha Cha Cha,,,https://el-gr.facebook.com/risingstars.gr/,http://www.risingstars.gr/el/,,"Sina 9, Athina 106 80, Greece",,,,,,,,NO,,,google-hunter,,,YES,85,risingstars.gr,,,,,xoros,cha-cha-cha,23.73664622,37.98101815,
12,La Secta Dance Company,Αθήνα,,Χορός,Bachata,,,https://el-gr.facebook.com/lasectadc/,http://www.lasecta.gr/,,"Λεωφόρος Συγγρού 57, Athina 117 45, Greece",,21 0921 3313,info@lasecta.gr,,,,,NO,,,google-hunter,,,YES,86,lasectadc,,,,,xoros,bachata,23.7244672,37.96264881,
13,STUDIO SELI KANOU,Αθήνα,,Χορός,Αφρικάνικος Χορός,,,https://el-gr.facebook.com/studioselikanou/about,http://www.selikanou.com/,,"6, Voutsara 4, Athina 118 55, Greece",,693 213 0805,info@selikanou.com,,,,,NO,,,google-hunter,,,YES,87,studioselikanou,,,,,xoros,african-dance,23.7034874,37.9770393,
14,Polessence Pole Dance & Acrobatics Studio,Αθήνα,,Χορός,Pole Dance,,,https://www.facebook.com/polessence.gr/,http://www.polessence.gr/,,"Klisovis 7, Athina 106 77, Greece",,694 054 7575,,,,,,NO,,,google-hunter,,,YES,88,polessence.gr,,,,,xoros,pole-dance,23.73197,37.9853499,
15,SpinTop Athens Studio,Αθήνα,,Χορός,Pole Dance,,,https://el-gr.facebook.com/SpinTop.poledance/,http://www.spintopathens.gr/,,"Amfiaraou 59, Athina 104 42, Greece",,21 1012 2952,,,,,,NO,,,google-hunter,,,YES,90,SpinTop.poledance,,,,,xoros,pole-dance,23.70830553,37.99722284,
16,Athens Lindy Hop | Μαθήματα Swing Χορού,Αθήνα,,Χορός,Swing,,,https://el-gr.facebook.com/AthensLindyHopSwingDancing/,http://www.athenslindyhop.com/,,"Fthiotidos 24, Athina 115 23, Greece",,,,,,,,NO,,,google-hunter,,,YES,91,AthensLindyHopSwingDancing,,,,,xoros,swing,23.7608315,37.9899411,http://fetchrss.com/rss/5b279ede8a93f8e87f8b4567732938689.csv
17,Athens Center of Capoeira Corpo Fechado,Αθήνα,,Πολεμικές τέχνες,Capoeira,,,https://www.facebook.com/athenscapoeira.gr/,http://www.athenscapoeira.gr/,,"Kallirrois 10, Athina 117 43, Greece",,693 879 3131,info@athenscapoeira.gr,,,,,NO,,,hunter.io,,,YES,92,athenscapoeira.gr,,,,,polemikes-texnes,capoeira,23.76083136,37.99080209,
18,Arte Movimento - Capoeira Athens,Αθήνα,,Πολεμικές τέχνες,Capoeira,,,http://www.facebook.com/ArteMovimento.gr,http://www.arte-movimento.gr/,,"Leof. Mesogeion 186, Χολαργός, Αθήνα 155 61, Greece",,21 0654 5150,info@findhere.gr,,,,,NO,,,hunter.io,,,YES,94,ArteMovimento.gr,,,,,polemikes-texnes,capoeira,23.78882488,38.00138411,
19,Barracão da Capoeira Athens,Αθήνα,,Πολεμικές τέχνες,Capoeira,,,https://www.facebook.com/capoeiraAthens/?fref=ts,http://www.barracaodacapoeira.gr/,,"Skouze 5, Athina 105 60, Greece",,,,,,,,NO,,,hunter.io,,,YES,95,capoeiraAthens,,,,,polemikes-texnes,capoeira,23.72887,37.97733,
20,Tribe,Αθήνα,,Πολεμικές τέχνες,Capoeira,,,https://www.facebook.com/TribeWorkout/,http://www.thetribe.gr/,,"Kolokotroni 72 & Vasileos Georgiou, 4th Floor, Pireas 185 35, Greece",,21 3000 1584,,,,,,NO,,,hunter.io,,,YES,98,TribeWorkout,,,,,polemikes-texnes,capoeira,23.64583969,37.94335141,
21,Γοργόνες και Μάγκες,Αθήνα,,BABY,Baby Swimming,,,http://www.facebook.com/GorgoneskaiMages,http://www.gorgoneskaimages.gr/,,"Archipelagous 88, Αθήνα 165 62, Greece",,21 0960 6786,info@gorgoneskaimages.gr,,,,,NO,,,hunter.io,,,YES,101,GorgoneskaiMages,,,,,baby,,23.7700829,37.894902,
22,Holmes Place East Med B.V.,Αθήνα,,BABY,Baby Swimming,,,http://www.facebook.com/holmesplacegreece?fref=ts,http://holmesplace.gr/,,"5 Sekeri & Kanari, Athina 106 71, Greece",,21 0747 5600,maroussi@holmesplace.gr,,,,,NO,,,hunter.io,,,YES,102,holmesplacegreece,,,,,baby,,,,
23,Dais Athletic Center Amarousio,Αθήνα,,BABY,Baby Swimming,,,http://www.facebook.com/SportsCenterDais,http://sports.daiscenter.gr/,,"Mesogion 151, Marousi 151 26, Greece",,21 0618 6050,,,,,,NO,,,hunter.io,,,YES,103,SportsCenterDais,,,,,baby,,23.82014214,38.04003854,
24,"Shinkendo Athens - Japanese Swordsmanship, Aikibujutsu/Aikido, Bojutsu",Αθήνα,,Πολεμικές τέχνες,Aikido,,,https://www.facebook.com/ShinkendoAthens,http://www.shinkendo.gr/,,"Ious 23, Athina 118 54, Greece",,697 303 0946,,,,,,NO,,,hunter.io,,,YES,105,ShinkendoAthens,,,,,polemikes-texnes,aikido,23.7090907,37.9722529,
25,Ρυθμος & Κινηση,Αθήνα,,Αθλητισμός,Ενόργανη-Ρυθμική,,,https://www.facebook.com/rythmoskaikinisiperama/about/?entry_point=page_nav_about_item&tab=overview/,,,"Leof. Irinis 87, Perama 188 63, Greece",,21 0441 4890,,,,,,NO,,,hunter.io,,,YES,124,rythmoskaikinisiperama,,,,,athlitismos,gymnastics-rithmiki,23.56594242,37.96410246,
26,OAKABOX,Αθήνα,,Κλειστού Χώρου,Γυμναστήριο,ΓΥΜΝΑΣΤΗΡΙΟ,,https://www.facebook.com/pages/OAKA-BOX/513514568759590,http://www.wefit.gr/fitness-places/oakabox/okbxclub.gr,logo (21).png,OAKA-ΚΟΛΥΜΒΗΤΗΡΙΟ,,,,,,,,NO,,,wefit,,,YES,143,513514568759590,,,,,kleistou-xorou,gym,23.78287911,38.03803197,
27,Oso yoga,Αθήνα,,Κλειστού Χώρου,Yoga,,,https://www.facebook.com/glyfada.osoyogastudios?fref=ts,http://www.osoyogastudios.com/,399945_254767164601764_114688657_n.jpg,,,,osoyogadina@yahoo.com,,,,,NO,,,wefit,,,YES,144,glyfada.osoyogastudios,,,,,kleistou-xorou,yoga,23.7663345,37.86912538,
28,Performance 22,Αθήνα,,Κλειστού Χώρου,Γυμναστήριο,,,https://www.facebook.com/Performance22,http://www.performance22.gr/,logo (9).jpg,,,,info@performance22.gr,,,,,NO,,,wefit,,,YES,146,Performance22,,,,,kleistou-xorou,gym,23.78803,38.03334,
29,Replayce,Αθήνα,,Κλειστού Χώρου,Γυμναστήριο,,,https://www.facebook.com/ReplayceAlternativeEducationalSystem/timeline,http://www.replayce.com/,1513780_610255779105801_1982676056844512528_n.jpg,ΟΑΚΑ-ΣΤΙΒΟΣ,,,info@replayce.com,,,,,NO,,,wefit,,,YES,148,ReplayceAlternativeEducationalSystem,,,,,kleistou-xorou,gym,23.7886405,38.04099365,
30,Vyzantinos Target Sport Club,Αθήνα,,Πολεμικές τέχνες,Boxing,,,https://www.facebook.com/VizantinosTargetSportClub,,10701932_1470574489888222_7425607286072720282_n.jpg,ΟΑΚΑ-ΚΟΛΥΜΒΗΤΗΡΙΟ,,,vyzantinos@target-sport.gr,,,,,NO,,,wefit,,,YES,153,VizantinosTargetSportClub,,,,,polemikes-texnes,boxing,,,
31,Α.Σ. Αρμονία,Αθήνα,,Πολεμικές τέχνες,Karate,,,https://www.facebook.com/karatewayoaka?fref=ts,http://karatewayoaka.com/,1231650_515906378486751_1085423665_n.jpg,ΟΑΚΑ-ΚΟΛΥΜΒΗΤΗΡΙΟ (ΑΙΘΟΥΣΑ ΣΥΓΧΡΟΝΙΣΜΕΝΗΣ ΚΟΛΥΜΒΗΣΗΣ ΔΙΠΛΑ ΣΤΟ ΑΝΑΨΥΚΤΗΡΙΟ),,,,,,,,NO,,,wefit,,,YES,158,karatewayoaka,,,,,polemikes-texnes,karate,23.76240869,38.05513355,
32,ΑΘΛΗΤΙΚΟΣ ΟΜΙΛΟΣ ΑΝΤΙΣΦΑΙΡΙΣΗΣ ΠΑΠΑΓΟΥ,Αθήνα,,Αθλητισμός,Tennis,,,https://www.facebook.com/aoaptennisclub,http://www.aoap.gr/,1524698_631255583601856_716262540_n.png,,,,,,,,,NO,,,wefit,,,YES,160,aoaptennisclub,,,,,athlitismos,tennis,,,
33,Αθλητικός Όμιλος Ωκεανός,Αθήνα,,Αθλητισμός,Κολύμβηση,,,https://www.facebook.com/AoOkeanos,http://www.aooc.gr/index.asp,screen-shot-2014-12-09-at-30157-pm.png,OAKA,,,,,,,,NO,,,wefit,,,YES,161,AoOkeanos,,,,,athlitismos,kithara,23.78672,38.03411,
34,Όμιλος Αντισφαίρισης Χολαργού,Αθήνα,,Αθλητισμός,Tennis,,,https://www.facebook.com/oax.tennis,http://www.oax.gr/index.php,oax_logo1.png,,,,oax@otenet.gr,,,,,NO,,,wefit,,,YES,164,oax.tennis,,,,,athlitismos,tennis,,,
35,ΟΜΙΛΟΣ ΞΙΦΑΣΚΙΑΣ ΓΛΥΦΑΔΑΣ,Αθήνα,,Αθλητισμός,Ξιφασκία,,,https://www.facebook.com/FencingClubGlyfada?fref=ts,http://www.fencingclub.gr/,10612995_661282273970320_1037372966317888500_n.jpg,,,,,,,,,NO,,,wefit,,,YES,165,FencingClubGlyfada,,,,,athlitismos,fencing,23.7316499,37.87945,
36,AIKIDO ΑΘΗΝΩΝ,Αθήνα,,Πολεμικές τέχνες,Aikido,,,www.facebook.com/AikidoAthensGreece/,www.aikidoathens.gr/,https://www.polemikes-tehnes.gr/pics/logos/b/2013118114158961.jpg,,,, info@aikidoathens.gr,,,,,NO,,,polemikes-texnes.gr,,,YES,170,AikidoAthensGreece,,,,,polemikes-texnes,aikido,23.76730084,37.98049411,
37,BUJINKAN BANBUTSU RUTEN DOJO HELLAS,Αθήνα,,Πολεμικές τέχνες,Ninjutsu,,,www.facebook.com/bujinkanhellas ,www.bujinkanhellas.com/,https://www.polemikes-tehnes.gr/pics/logos/b/2017728145443406.jpg,,,," bujinkandojohellas@gmail.com , info@bujinkanhellas.com ",,,,,NO,,,polemikes-texnes.gr,,,YES,173,bujinkanhellas ,,,,,polemikes-texnes,ninjutsu,,,
38,Α.Σ «ΟΙ Μονομάχοι» Gladiator Team,Αθήνα,,Πολεμικές τέχνες,Hapkido,"Hapkido,Muay Thai,Kickboxing,Boxing",,https://www.facebook.com/oimonomaxoi.gladiatorteam/,,http://www.fightsports.gr/wp-content/uploads/2016/12/gladiator-team-monomaxoi-logo.jpg,"Θεσσαλονίκης 151,Άνω Πετράλωνα",,211 40 37 300,oimonomaxoi@gmail.com,,,,,NO,,,fightsports.gr,6944 860 014,,YES,243,oimonomaxoi.gladiatorteam,,,,,polemikes-texnes,hapkido,23.70893741,37.96793399,
39,Αθλητικός Γυμναστικός Σύλλογος Αγίας Βαρβάρας (Mavridis Team),Αθήνα,,Πολεμικές τέχνες,mma,"MMA,Kickboxing,Boxing",,https://www.facebook.com/mauridisteam/,,http://www.fightsports.gr/wp-content/uploads/2018/02/mavridis-team-agis-logo.jpg,"Βύρωνος & Αγίας Βαρβάρας 10,Αγία Βαρβάρα",,,a.gy.smavridis@gmail.com,,,,,NO,,,fightsports.gr,6945 105 420,,YES,244,mauridisteam,,,,,polemikes-texnes,mma,23.66396338,37.99461119,
40,X Fight Nation,Αθήνα,,Πολεμικές τέχνες,Muay Thai,"Grappling,Muay Thai,Kickboxing,Boxing",,https://www.facebook.com/XFightNation/,,http://www.fightsports.gr/wp-content/uploads/2018/01/fight-nation-logo.jpg,"1.Αθηνοδώρου 19,Πετράλωνα - 2.Φιλικής Εταιρείας 10,Κορυδαλλός",,210 34 65 653,xfightworld@gmail.com,,,,,NO,,,fightsports.gr,6949 383 897,,YES,247,XFightNation,,,,,polemikes-texnes,muay-thai,23.70645,37.96716,
41,Pirates Headquarters,Αθήνα,,Πολεμικές τέχνες,Ju Jitsu,"Muay Thai,Brazilian Jiu Jitsu,Boxing,Judo",,https://www.facebook.com/bjjpirateshq/,,http://www.fightsports.gr/wp-content/uploads/2017/12/pirates-headquarters-logo.jpg,"Σουρή 20,Περιστέρι",,,phaedrav@gmail.com,,,,,NO,,,fightsports.gr,6980 491 497,,YES,250,bjjpirateshq,,,,,polemikes-texnes,jujitsu,23.6997158,38.0023777,
42,The Ring Boxing Academy,Αθήνα,,Πολεμικές τέχνες,Boxing,,,https://www.facebook.com/theRingBoxingAcademy/,,http://www.fightsports.gr/wp-content/uploads/2017/12/the-ring-boxing-academy.jpg,Αθήνα & Θεσσαλονίκη,,,info@theringboxingacademy.gr,,,,,NO,,,fightsports.gr,6971 804 244,,YES,251,theRingBoxingAcademy,,,,,polemikes-texnes,boxing,,,
43,The Gun Academy,Αθήνα,,Πολεμικές τέχνες,Kick Boxing,,,https://www.facebook.com/thegunacademy/,,http://www.fightsports.gr/wp-content/uploads/2017/12/24899184_1913497898911026_946782908_n.jpg,"Αθανασίου Διάκου 26,Δάσος Χαϊδαρίου",,,thegunacademy@gmail.com,,,,,NO,,,fightsports.gr,6970 255 005,,YES,252,thegunacademy,,,,,polemikes-texnes,kickboxing,23.6509198,38.01364106,
44,Αθλητικός Σύλλογος Κυναίγειρος,Αθήνα,,Πολεμικές τέχνες,Tae Kwon Do,,,https://www.facebook.com/vpanagiotopoulos/,,http://www.fightsports.gr/wp-content/uploads/2017/12/kinegiros-logo.jpg,"Θυατείρων 9,Νέα Σμύρνη",,210 93 34 040,v.panagiotopoulostkd@gmail.com,,,,,NO,,,fightsports.gr,6940 786 680,,YES,253,vpanagiotopoulos,,,,,polemikes-texnes,tae-kwon-do,23.7127817,37.9515139,
45,Hellenic Krav Maga Federation (HKMF),Αθήνα,,Πολεμικές τέχνες,Krav Maga,,,https://www.facebook.com/KravMagaHellasFederationHkmf/,,http://www.fightsports.gr/wp-content/uploads/2017/11/hellenic-krav-maga-federation-logo.jpg,"Εθνάρχου Μακαρίου 31,Περιστέρι",,2155 305 027,info@kravmagahellas.com,,,,,NO,,,fightsports.gr,6987 222 631,,YES,254,KravMagaHellasFederationHkmf,,,,,polemikes-texnes,krav-manga,24.609375,39.36827915,
46,Imba Muay Boran Acharnes,Αθήνα,,Πολεμικές τέχνες,Muay Thai,"Wing Chun,Muay Thai",,https://www.facebook.com/imbaacharneshellas/,,http://www.fightsports.gr/wp-content/uploads/2017/11/muay-boran-acharnes-logo.jpg,"Σκουφά 43,Αχαρνές",,Κιν.: 6978 797 194,itsinari@yahoo.gr,,,,,NO,,,fightsports.gr,,,YES,255,imbaacharneshellas,,,,,polemikes-texnes,muay-thai,23.7404775,38.077086,
47,Phoenix Boxing Club,Αθήνα,,Πολεμικές τέχνες,Boxing,,,https://www.facebook.com/phoenixboxingclub63/,,http://www.fightsports.gr/wp-content/uploads/2017/11/phoenix-boxing-club-logo-1.jpg,"Ελληνοσερβικής Φιλίας 63,Αγία Παρασκευή",,2114 039 358,t_ritzakis@hotmail.com,,,,,NO,,,fightsports.gr,6909 156 435,,YES,256,phoenixboxingclub63,,,,,polemikes-texnes,boxing,23.82059097,38.015843,
48,Α.Σ Ολυμπίων Ρώμη,Αθήνα,,Πολεμικές τέχνες,Tae Kwon Do,Tae Kwon Do,,https://www.facebook.com/olympionromi/,,http://www.fightsports.gr/wp-content/uploads/2017/11/olimpion-romi.jpg,"Καυκάσου 133,Άνω Κυψέλη",,,,,,,,NO,,,fightsports.gr,6906 458 748,,YES,259,olympionromi,,,,,polemikes-texnes,tae-kwon-do,23.74855,38.00485,
49,Α.Σ Τζούντο Εύαθλος,Αθήνα,,Πολεμικές τέχνες,Krav Maga,"Krav Maga,Kickboxing,Judo",,https://www.facebook.com/euathlos/,,http://www.fightsports.gr/wp-content/uploads/2017/11/evathlos-logo.jpg,"Κοντού 21,Αθήνα",,,judo.euathlos@gmail.com,,,,,NO,,,fightsports.gr,6947 444 700,,YES,260,euathlos,,,,,polemikes-texnes,krav-manga,23.7375176,38.01370868,
50,Skarogiannis Team House of Champions,Αθήνα,,Πολεμικές τέχνες,Karate,,,https://www.facebook.com/skarogiannis.team.karate/,,http://www.fightsports.gr/wp-content/uploads/2016/09/skarogiannis-stelios-house-of-champions-logo.jpg,"Ανδρομάχης 52,Καλλιθέα",,210 95 72 736,,,,,,NO,,,fightsports.gr,6932 404 566 - 6980 056 394,,YES,261,skarogiannis.team.karate,,,,,polemikes-texnes,karate,23.7100764,37.9571777,
51,Α.Σ Coriolanos,Αθήνα,,Πολεμικές τέχνες,Krav Maga,"Krav Maga,MMA,Kickboxing,Boxing",,https://www.facebook.com/coriolanoscollege/,,http://www.fightsports.gr/wp-content/uploads/2017/10/coriolanos.jpg,"Μόσχου 1 & Σκιάθου,Ηλιούπολη",,,coriolanoscollege@gmail.com,,,,,NO,,,fightsports.gr,210 97 32 344,,YES,264,coriolanoscollege,,,,,polemikes-texnes,krav-manga,,,
52,Yao Bao Foshan Wing Chun,Αθήνα,,Πολεμικές τέχνες,Wing Chun,,,https://www.facebook.com/yaobaogr/,,http://www.fightsports.gr/wp-content/uploads/2017/10/Yaobao-Wing-Chun-logo.jpg,"Λεωφόρος Παπανδρέου 35 και Κλεοβούλη,Ζωγράφου",,,yaobaogr@gmail.com,,,,,NO,,,fightsports.gr,6934 749 820,,YES,265,yaobaogr,,,,,polemikes-texnes,wing-chun,23.76634598,37.98106917,
53,Viper Fight Club,Αθήνα,,Πολεμικές τέχνες,Krav Maga,"Sanda,Krav Maga,Brazilian Jiu Jitsu,Kickboxing,Boxing",,https://www.facebook.com/ViperFightClub.NeaErithraia/,,http://www.fightsports.gr/wp-content/uploads/2017/10/viper-fight-club-logo.png,"Ευαγγελίστριας 30,Νέα Ερυθραία",,2130 441 787,info@viperfightclub.gr,,,,,NO,,,fightsports.gr,6971 618 234,,YES,269,ViperFightClub.NeaErithraia,,,,,polemikes-texnes,krav-manga,23.8147974,38.09057665,
54,Champions Athletic Club,Αθήνα,,Πολεμικές τέχνες,Karate,,,https://www.facebook.com/lekakosclub/,,http://www.fightsports.gr/wp-content/uploads/2017/09/champions-athletic-club-logo-2.jpg,"Βορείου Ηπείρου 2,Νίκαια",,210 42 50 625,championsathleticclub@gmail.com,,,,,NO,,,fightsports.gr,6947 896 809,,YES,271,lekakosclub,,,,,polemikes-texnes,karate,23.66033,37.9666166,
55,ZEN FIGHTING CLUB,Αθήνα,,Πολεμικές τέχνες,Kung Fu,"Kung Fu (Fu - Jow - Pai),Kickboxing",,https://www.facebook.com/zenfightingclub.gr/,,http://www.fightsports.gr/wp-content/uploads/2017/09/14633148_10154039577686235_8485523858568511124_o.jpg,"Βασιλίσσης Σοφίας 38,Μαρούσι",,210 80 66 511,,,,,,NO,,,fightsports.gr,,,YES,273,zenfightingclub.gr,,,,,polemikes-texnes,kung-fu,23.8085099,38.05429,
56,Pyrsos Fight Team (ΑΓΣ ΚΟΡΩΠΙΟΥ ΕΛ. ΠΥΡΣΟΣ),Αθήνα,,Πολεμικές τέχνες,mma,"Grappling,MMA,Kickboxing",,https://www.facebook.com/pyrsosfightteam/,,http://www.fightsports.gr/wp-content/uploads/2017/06/pyrsos-fight-team-logo.jpg,"26ο χλμ Αθηνών Λαυρίου,Κορωπί",,2155 201 707,ellinikospyrsos@yahoo.gr,,,,,NO,,,fightsports.gr,6977 564 539,,YES,275,pyrsosfightteam,,,,,polemikes-texnes,mma,23.8831284,37.8932151,
57,The Immortals,Αθήνα,,Πολεμικές τέχνες,Boxing,,,https://www.facebook.com/theimmortalsgymgr/,,http://www.fightsports.gr/wp-content/uploads/2017/06/the-immortals-logo.jpg,"Σοφοκλέους 12,Χαϊδάρι",,2130 428 511,,,,,,NO,,,fightsports.gr,6944 282 183,,YES,276,theimmortalsgymgr,,,,,polemikes-texnes,boxing,23.6513082,38.0095247,
58,Αθλητικός Σύλλογος Δύναμη Βύρωνα,Αθήνα,,Πολεμικές τέχνες,Kick Boxing,"Kickboxing,Karate",,https://www.facebook.com/DinamiVirona/,,http://www.fightsports.gr/wp-content/uploads/2017/01/dinami-virona-logo.jpg,"Κύπρου 70,Βύρωνας",,,,,,,,NO,,,fightsports.gr,6948 543 720,,YES,282,DinamiVirona,,,,,polemikes-texnes,kickboxing,23.7527122,37.9606209,
59,Fight Club Central Gym Galatsi,Αθήνα,,Πολεμικές τέχνες,Ju Jitsu,"Muay Thai,Brazilian Jiu Jitsu,MMA,Kickboxing,Boxing",,https://www.facebook.com/fightclubgalatsi/?fref=ts,,http://www.fightsports.gr/wp-content/uploads/2013/02/fc_logo_final2013.jpg,"Λεωφόρο Βεΐκου 117-119,Γαλάτσι (1ος όροφος)",,210 29 15 489,info@fightclubgalatsi.gr,,,,,NO,,,fightsports.gr,6932 600 483,,YES,286,fightclubgalatsi,,,,,polemikes-texnes,jujitsu,23.75804186,38.02231741,
60,Ioannidis Team,Αθήνα,,Πολεμικές τέχνες,Savate,"ΒΟΧΕ SAVATE,Kickboxing,Boxing",,https://www.facebook.com/ioannidis.fighting.team,,http://www.fightsports.gr/wp-content/uploads/2016/11/ioannidis-team-logo.jpg,"Θησέως 7α,Καλλιθέα",,210 92 36 791,teamioannidis@gmail.com,,,,,NO,,,fightsports.gr,6949 401 427,,YES,287,ioannidis.fighting.team,,,,,polemikes-texnes,savate,23.71562,37.96306,
61,Five Star Academy,Αθήνα,,Πολεμικές τέχνες,Muay Thai,"Krav Maga,Muay Thai,MMA,Boxing,Tae Kwon Do",,https://www.facebook.com/www.fivestaracademy.gr/,,http://www.fightsports.gr/wp-content/uploads/2016/09/five-star-academy-logo.jpg,"Λεωφόρος Βουλιαγμένης 171, Δάφνη",,2130 417 480,info@fivestaracademy.gr,,,,,NO,,,fightsports.gr,,,YES,289,www.fivestaracademy.gr,,,,,polemikes-texnes,muay-thai,23.7363207,37.9551018,
62,Π.Α.Σ Αρχαία Ολυμπία Ταεκβοντο,Αθήνα,,Πολεμικές τέχνες,Tae Kwon Do,,,https://www.facebook.com/PasArchaiaOlympia/,,http://www.fightsports.gr/wp-content/uploads/2016/09/arxaia-olimpia-logo.jpg,"Aγ. Πέτρου 36,Αχαρνές",,210 240 24 35,archaia_olympia@yahoo.gr,,,,,NO,,,fightsports.gr,,,YES,291,PasArchaiaOlympia,,,,,polemikes-texnes,tae-kwon-do,,,
63,Operational Krav Maga Hellenic Department,Αθήνα,,Πολεμικές τέχνες,Krav Maga,Krav Maga,,https://www.facebook.com/okmhellas,,http://www.fightsports.gr/wp-content/uploads/2016/09/14407673_1648053778839605_307616394_n.jpg,"Αθήνα,Αστυπάλαια,Ικαρία",,,operationalkravmagagreece@yahoo.com,,,,,NO,,,fightsports.gr,6949 073 657,,YES,292,okmhellas,,,,,polemikes-texnes,krav-manga,26.70104,37.79564,
64,Α.Σ Taekwondo Περιστερίου Παρασίδης,Αθήνα,,Πολεμικές τέχνες,Kick Boxing,"Kickboxing,Boxing,Tae Kwon Do",,https://www.facebook.com/taekwodokickboxing/,,http://www.fightsports.gr/wp-content/uploads/2016/10/parasidis-logo.jpg,"Σαρανταπόρου 62,Περιστέρι",,210 57 54 640,,,,,,NO,,,fightsports.gr,6945 242 388,,YES,293,taekwodokickboxing,,,,,polemikes-texnes,kickboxing,23.6904984,38.010721,
65,Α.Σ. Δράκος – Moschonas Team,Αθήνα,,Πολεμικές τέχνες,Ju Jitsu,"Ju Jitsu,Krav Maga,Muay Thai,MMA",,https://www.facebook.com/HellasdojoMoschonas/,,http://www.fightsports.gr/wp-content/uploads/2014/02/181246_284930598319706_1294105599_n.jpg,"Κρέμου 53,Καλλιθέα",,2177 346 052,kamishinryuhellas@yahoo.com,,,,,NO,,,fightsports.gr,6970 885 354,,YES,296,HellasdojoMoschonas,,,,,polemikes-texnes,jujitsu,23.7033691,37.9602623,
66,Choke Luta Livre Academy,Αθήνα,,Πολεμικές τέχνες,mma,"Πάλη,Grappling,MMA",,https://www.facebook.com/chokelutalivre,,http://www.fightsports.gr/wp-content/uploads/2016/08/choke-luta-livre-academy-logo.jpg,"17ης Νοεμβρίου 29,Χολαργός",,,chokelutalivre@gmail.com,,,,,NO,,,fightsports.gr,6947 460 050,,YES,297,chokelutalivre,,,,,polemikes-texnes,mma,23.8031768,38.0049261,
67,Αριστοτέλειο Πυγμαχικός Γ.Σ Περιστερίου,Αθήνα,,Πολεμικές τέχνες,Boxing,"Capoeira,Kickboxing,Boxing",,https://www.facebook.com/aristoteleio.boxing/,,http://www.fightsports.gr/wp-content/uploads/2016/08/logo-aristoteleio-gspp.jpg,"Βορείου Ηπείρου 21,Περιστέρι Ολυμπιακό Κέντρο Πυγμαχίας",,,stef.boxing@gmail.com,,,,,NO,,,fightsports.gr,6945 087 607,,YES,298,aristoteleio.boxing,,,,,polemikes-texnes,boxing,23.7164714,38.0126987,
68,Colosseum Fighting Arena,Αθήνα,,Πολεμικές τέχνες,Kick Boxing,"Sanda,Kickboxing,Boxing",,https://www.facebook.com/piraeuscolosseum.arena,,http://www.fightsports.gr/wp-content/uploads/2014/02/293380_107045552735688_594066346_n.jpg,"Ομηρίδου Σκυλίτση 14,Πειραιάς",,210 42 21 322,stavrosstof@gmail.com,,,,,NO,,,fightsports.gr,6932 567 063 - 6945 024 958,,YES,302,piraeuscolosseum.arena,,,,,polemikes-texnes,kickboxing,23.6472301,37.9428596,
69,Krav Maga Mentality,Αθήνα,,Πολεμικές τέχνες,Krav Maga,,,https://www.facebook.com/kravmagamentality/?ref=ts&fref=ts,,http://www.fightsports.gr/wp-content/uploads/2016/04/krav-maga-mentality.png,"1.Λεωφόρος Βεΐκου 121-123, Γαλάτσι - 2.Αγλαύρου 11, Κουκάκι - 3.Λεωφόρος Μαραθώνος 29, Παλλήνη - 4.Λ. Μεσογείων 483, Αγία Παρασκευή - 5.Ροδοπόλεως 66, Ελληνικό - 6.Φωκίωνος Νέγρη 30, Κυψέλη",,,info@kravmagamentality.gr,,,,,NO,,,fightsports.gr,6976 218 896 - 6980 095 168,,YES,303,kravmagamentality,,,,,polemikes-texnes,krav-manga,23.75809,38.02253,
70,Chatzichronoglou Fight Academy – CFA,Αθήνα,,Πολεμικές τέχνες,Kick Boxing,"Kickboxing,Boxing",,https://www.facebook.com/Chatzichronoglou/timeline,,http://www.fightsports.gr/wp-content/uploads/2016/04/Chatzichronoglou-Fight-Academy-CFA-logo.jpg,"Αγίου Αντωνίου 78,Πάτημα Χαλανδρίου",,210 60 16 590,info@cfacademy.gr,,,,,NO,,,fightsports.gr,6973 045 289,,YES,304,Chatzichronoglou,,,,,polemikes-texnes,kickboxing,23.8381042,38.0305977,
71,Arcane Fighthood,Αθήνα,,Πολεμικές τέχνες,Ju Jitsu,"Grappling,Brazilian Jiu Jitsu,Kickboxing,Boxing",,https://www.facebook.com/arcanefighthood1/timeline,,http://www.fightsports.gr/wp-content/uploads/2016/03/arcane-fighthood-logo-1.jpg,"Ηρακλείτου & Τομπάζη 89,Αιγάλεω",,,fofonkinio@hotmail.com,,,,,NO,,,fightsports.gr,6931 182 637,,YES,309,arcanefighthood1,,,,,polemikes-texnes,jujitsu,23.66899228,38.00057708,
72,Tragakis Studio,Αθήνα,,Πολεμικές τέχνες,Sanda,"Sanda,Krav Maga,Boxing",,https://www.facebook.com/TragakisStudio?fref=ts,,http://www.fightsports.gr/wp-content/uploads/2016/01/tragakis-studio-logo.jpg,"Δήμητρας 11,Άγιος Δημήτριος",,210 97 67 458,tragakis@yahoo.com,,,,,NO,,,fightsports.gr,6932 222 535,,YES,312,TragakisStudio,,,,,polemikes-texnes,sanda,23.73322,37.94009,
73,Diamond Camp,Αθήνα,,Πολεμικές τέχνες,Muay Thai,"Krav Maga,Muay Thai,Brazilian Jiu Jitsu,MMA,Boxing",,https://www.facebook.com/diamond.camp.5/,,http://www.fightsports.gr/wp-content/uploads/2015/11/diamond-camp-logo.jpg,"Ελ. Βενιζέλου 3Α & 33η,Ελληνικό (δίπλα στον σταθμό Μετρό Ελληνικού)",,210 96 18 589,info@diamondcamp.gr,,,,,NO,,,fightsports.gr,,,YES,314,diamond.camp.5,,,,,polemikes-texnes,muay-thai,,,
74,Karate Peiraias,Αθήνα,,Πολεμικές τέχνες,Karate,,,https://www.facebook.com/karatepeiraias,,http://www.fightsports.gr/wp-content/uploads/2015/09/karate-peiraias-logo.jpg,"Λ. Ηρώων Πολυτεχνείου 16, Πειραιάς",,2121 044 392,info@karatepeiraias.gr,,,,,NO,,,fightsports.gr,6944 214 589,,YES,315,karatepeiraias,,,,,polemikes-texnes,karate,23.6481514,37.9445343,
75,Talent Boxing Academy (Dimatos Team),Αθήνα,,Πολεμικές τέχνες,Kick Boxing,"Kickboxing,Boxing",,https://www.facebook.com/pages/Talent-boxing-academy/1714302302130726?fref=ts,,http://www.fightsports.gr/wp-content/uploads/2015/08/talent-boxing-academy-new-logo.jpg,"Θηβών 60,Πειραιάς",,,makis802009@hotmail.com,,,,,NO,,,fightsports.gr,6944 891 688,,YES,318,1714302302130726,,,,,polemikes-texnes,kickboxing,23.65896573,37.95070987,
76,Α.Σ ΕΛΕΥΣΙΣ,Αθήνα,,Πολεμικές τέχνες,Muay Thai,"Muay Thai,Kickboxing,Tae Kwon Do",,https://www.facebook.com/KickBoxingxatzisteamelefsina/timeline,,http://www.fightsports.gr/wp-content/uploads/2015/08/elefsis-logo.jpg,"Ελ.Βενιζέλου & Χατζηδάκη7,Ελευσίνα",,210 55 61 724,x.xatzisaselefsis@hotmail.com,,,,,NO,,,fightsports.gr,6947 076 150 - 6982 099 883,,YES,319,KickBoxingxatzisteamelefsina,,,,,polemikes-texnes,muay-thai,23.536574,38.0455557,
77,Α.Σ Πολεμικών Τεχνών Πρωταθλητές (LAGOS V. TEAM),Αθήνα,,Πολεμικές τέχνες,muay thai,"Kyuk Too Ki,Muay Thai,Kickboxing,Tae Kwon Do",,https://www.facebook.com/asProtathlitesLagosTeam,,http://www.fightsports.gr/wp-content/uploads/2015/08/as-polemikon-texnon-protathlites-logo.jpg,"Μίνωος 3,Νέος Κόσμος",,210 92 70 912,lagosbill@windowslive.com,,,,,NO,,,fightsports.gr,6978 858 590 - 6987 294 562,,YES,320,asProtathlitesLagosTeam,,,,,polemikes-texnes,muay-thai,,,
78,FIGHT LAB,Αθήνα,,Πολεμικές τέχνες,Muay Thai,,,https://www.facebook.com/fightlabnakmuay?fref=ts,,http://www.fightsports.gr/wp-content/uploads/2015/05/logo-fight-lab.jpg,"Βύρωνος 13,Κάτω Χαλάνδρι",,210 67 77 944,info@fightlab.gr,,,,,NO,,,fightsports.gr,6936 869 768,,YES,322,fightlabnakmuay,,,,,polemikes-texnes,muay-thai,23.7919348,38.00479751,
79,Vizantinos Target Sport Club,Αθήνα,,Πολεμικές τέχνες,Tennis,"Kickboxing,Boxing",,https://www.facebook.com/vizantinosGym?pnref=lhc,,http://www.fightsports.gr/wp-content/uploads/2014/03/vizantinos.jpg,"Ολυμπιακό Στάδιο - Κλειστό Κολυμβητήριο (ΟΑΚΑ Κηφισίας 37),Μαρούσι",,210 68 21 291 - 210 32 44 313,vizantinos@target-sport.gr,,,,,NO,,,fightsports.gr,6944 684 747,,YES,324,vizantinosGym,,,,,polemikes-texnes,tennis,23.75947952,38.01596134,
80,Bulls Fight Academy,Αθήνα,,Πολεμικές τέχνες,Kick Boxing,"Kickboxing,Boxing",,https://www.facebook.com/BullsFightAcademy/timeline,,http://www.fightsports.gr/wp-content/uploads/2015/02/bulls-fight-academy-logo.png,"Ευρυτανίας 51 & Βελεστίνου,Άγιος Δημήτριος",,Κιν.: 6932 270 623 - 6987 612 001,bullsfightacademy@gmail.com,,,,,NO,,,fightsports.gr,,,YES,328,BullsFightAcademy,,,,,polemikes-texnes,kickboxing,,,
81,Battle Arena,Αθήνα,,Πολεμικές τέχνες,Ju Jitsu,"Γυμναστική,Muay Thai,Brazilian Jiu Jitsu,MMA,Kickboxing,Boxing",,https://www.facebook.com/battlearena.ag.paraskevi/timeline,,http://www.fightsports.gr/wp-content/uploads/2015/02/battle-arena-logo.jpg,"Ελπίδος 10,Αγία Παρασκευή - 2.Σόλωνος 22,Χαλάνδρι",,210 63 95 992,info@battlearena.gr,,,,,NO,,,fightsports.gr,6981 030 417,,YES,329,battlearena.ag.paraskevi,,,,,polemikes-texnes,jujitsu,23.8210427,38.0152067,
82,OLD SCHOOL FIGHT GYM,Αθήνα,,Πολεμικές τέχνες,Kick Boxing,"Kickboxing,Boxing",,https://www.facebook.com/oldschoolfightgym/timeline,,http://www.fightsports.gr/wp-content/uploads/2015/01/fight-old-school-gym.jpg,"Βοσπόρου 32,Ελληνικό",,Κιν.: 6947 522 295,vasxer1977@gmail.com,,,,,NO,,,fightsports.gr,,,YES,330,oldschoolfightgym,,,,,polemikes-texnes,kickboxing,23.7425267,37.9057198,
83,Xtreme Defence Club,Αθήνα,,Πολεμικές τέχνες,Kick Boxing,"Krav Maga,Muay Thai,Kickboxing",,https://www.facebook.com/Xtremedefenceclub,,http://www.fightsports.gr/wp-content/uploads/2014/10/10298474_649569921796517_8074600756743474831_o.jpg,"25ης Μαρτίου 64,Πετρούπολη",,210 50 58 801,info@xdc.gr,,,,,NO,,,fightsports.gr,6945 052 414,,YES,334,Xtremedefenceclub,,,,,polemikes-texnes,kickboxing,,,
84,Muaythai Νέα Σμύρνη (Blue Dragon Team),Αθήνα,,Πολεμικές τέχνες,Muay Thai,,,https://www.facebook.com/MuaythaiNeaSmyriniAthens,,http://www.fightsports.gr/wp-content/uploads/2014/02/1266199_634071046614345_1735255253_o.jpg,"Κράτητος 88,Νέα Σμύρνη",,,,,,,,NO,,,fightsports.gr,6981 580 714 - 6984 883 589,,YES,336,MuaythaiNeaSmyriniAthens,,,,,polemikes-texnes,muay-thai,23.7222066,37.949217,
85,Tiger Muay Thai Boran Camp,Αθήνα,,Πολεμικές τέχνες,Muay Thai,,,https://www.facebook.com/tigercamp.gr,,http://www.fightsports.gr/wp-content/uploads/2013/12/tiger-muay-thai-boran-logo-.jpg,"Γρηγορίου Λαμπράκη 45,Ταύρος",,Κιν.: 6909 151 560,khrugkitsas@gmail.com,,,,,NO,,,fightsports.gr,,,YES,340,tigercamp.gr,,,,,polemikes-texnes,muay-thai,23.70123736,37.96623912,
86,Αθλητικός Σύλλογος Zanshin,Αθήνα,,Πολεμικές τέχνες,Karate,,,https://www.facebook.com/a.s.zanshin/timeline,,http://www.fightsports.gr/wp-content/uploads/2014/08/logo-zanshin-new.jpg,"Μαβίλη 3,Παλαιό Φάληρο",,2114 044 453,a.s.zanshin@gmail.com,,,,,NO,,,fightsports.gr,6932 127 529 - 6986 125 180,,YES,344,a.s.zanshin,,,,,polemikes-texnes,karate,23.71239,37.92762,
87,White Tiger Muay Thai Camp,Αθήνα,,Πολεμικές τέχνες,Muay Thai,,,https://www.facebook.com/WhiteTigerMuayThaiTrainingCamp,,http://www.fightsports.gr/wp-content/uploads/2014/03/1365_147452968788787_1567304406_n.jpg,"Κομνηνών & Χρυσολωρά 15,Αθήνα",,210 82 11 505,,,,,,NO,,,fightsports.gr,6980 563 688,,YES,350,WhiteTigerMuayThaiTrainingCamp,,,,,polemikes-texnes,muay-thai,23.7137761,37.9648244,
88,Pliakos Muay Thai Camp,Αθήνα,,Πολεμικές τέχνες,Muay Thai,,,https://www.facebook.com/pages/PLIAKOS-MUAY-THAI-CAMP/132334743529481?fref=ts,,http://www.fightsports.gr/wp-content/uploads/2014/03/954511_10202060931499467_149087617_n.jpg,"1.Τυρταίου 5,Μέτς (Στύλες Ολ.Διός) - 2.Γεωργίου Παπανδρέου 87,Ζωγράφου-Γουδί",,,,,,,,NO,,,fightsports.gr,6986804968 - 6947558099 - 6973433434,,YES,351,132334743529481,,,,,polemikes-texnes,muay-thai,23.73398415,37.96620942,
89,Α.Σ Σπαρτιάτικη Ακαδημία (Psilopatis Camp),Αθήνα,,Πολεμικές τέχνες,Muay Thai,"Krav Maga,Muay Thai,MMA,Kickboxing",,https://www.facebook.com/PsilopatisSpartansAcademy/,,http://www.fightsports.gr/wp-content/uploads/2013/12/psilopatis-camp-logo.jpg,"Κίμωνος 5,Νίκαια",,2155 506 475,psilopatisgiorgos@gmail.com,,,,,NO,,,fightsports.gr,6970 621 717,,YES,352,PsilopatisSpartansAcademy,,,,,polemikes-texnes,muay-thai,,,
90,Pagration Arena,Αθήνα,,Πολεμικές τέχνες,Ju Jitsu,"Brazilian Jiu Jitsu,MMA,Kickboxing,Boxing",,https://www.facebook.com/pagrationarena/,,http://www.fightsports.gr/wp-content/uploads/2013/12/pagration-arena-logo.jpg,"1.Υπολοχαγού Καββαθά 25,Ζωγράφου - 2.Υμηττού 219,Παγκράτι",,,info@pagration-arena.gr,,,,,NO,,,fightsports.gr,6948 047 572 - 6945 060 696,,YES,358,pagrationarena,,,,,polemikes-texnes,jujitsu,23.74209344,37.96280059,
91,Αθλητικός Σύλλογος Καράτε «Αρμονία»,Αθήνα,,Πολεμικές τέχνες,Karate,,,https://www.facebook.com/karatewayoaka,,http://www.fightsports.gr/wp-content/uploads/2013/11/karateway_oaka.png,"Κηφισίας 37,Μαρούσι",,210 80 53 202,,,,,,NO,,,fightsports.gr,6946 754 570,,YES,359,karatewayoaka,,,,,polemikes-texnes,karate,23.76240869,38.05513355,
92,Kritikos Camp,Αθήνα,Αιγάλεω,Πολεμικές τέχνες,Kick Boxing,"Muay Thai,Kickboxing,Boxing",,https://www.facebook.com/fightcampkritikos/?fref=ts,,http://www.fightsports.gr/wp-content/uploads/2013/06/230434_105156882905360_3024260_n.jpg,"1.Τατοΐου 80,Μεταμόρφωση - 2.Θηβών 326,Αιγάλεω - 3.Χρυσοστόμου Σμύρνης 101,Καμίνια",,,nikos7kritikos@hotmail.com,,,,,NO,,,fightsports.gr,6946 560 233,,YES,363,fightcampkritikos,,,,,polemikes-texnes,kickboxing,23.7560369,38.0588008,
93,ΝΑΥΤΙΚΟΣ ΟΜΙΛΟΣ ΚΑΛΑΜΑΚΙΟΥ,Αθήνα,,Πολεμικές τέχνες,Kick Boxing,"Thai Boxing,Kickboxing,Boxing",,http://www.facebook.com/martial.arts.athens/info?ref=ts#!/martial.arts.athens,,http://www.fightsports.gr/wp-content/uploads/2013/01/13348671_10208406937164112_1646601817_n.jpg,"Κλείτορος 3, Περιστέρι",,,info@fightacademy.gr,,,,,NO,,,fightsports.gr,697 2500678,,YES,366,martial.arts.athens,,,,,polemikes-texnes,kickboxing,23.7037,38.00447,
94,Αθλητικός Σύλλογος Taekwondo ΘΕΑΓΕΝΗΣ,Αθήνα,,Πολεμικές τέχνες,Tae Kwon Do,,,https://www.facebook.com/tagasteam/?fref=ts,,http://www.fightsports.gr/wp-content/uploads/2012/10/logo-theagenis.jpg,"Χαροκόπου 115-117,Καλλιθέα",,210 95 66 368,gtagas73@gmail.com,,,,,NO,,,fightsports.gr,6974 873 656,,YES,368,tagasteam,,,,,polemikes-texnes,tae-kwon-do,23.706816,37.9608223,
95,ΠΑΝΑΘΗΝΑΪΚΟΣ ΑΘΛΗΤΙΚΟΣ ΟΜΙΛΟΣ,Αθήνα,,Αθλητισμός,Κολύμβηση,,,https://www.facebook.com/PanathinaikosAO1908,http://www.panathinaikos1908.gr,,Αρματωλών Κλεφτών 47,,(210) 6444401,paoaquatics@gmail.com,,,,,NO,,,omospondia,,,YES,390,PanathinaikosAO1908,,,,,athlitismos,kithara,23.7557773,37.9828398,
96,ΑΘΛΗΤΙΚΟΣ ΟΜΙΛΟΣ ΚΟΛΩΝΟΥ,Αθήνα,,Αθλητισμός,Κολύμβηση,,,https://www.facebook.com/AoKolonou/,www.aokolonou.gr,,ΛΕΑΝΔΡΟΥ 37-39,,(210) 5148601,info@aokolonou.gr,,,,,NO,,,omospondia,,,YES,392,AoKolonou,,,,,athlitismos,kithara,,,
97,ΕΘΝΙΚΟΣ ΓΥΜΝΑΣΤΙΚΟΣ ΣΥΛΛΟΓΟΣ,Αθήνα,,Αθλητισμός,Κολύμβηση,,,https://www.facebook.com/ethnikosgs.gr/,www.ethnikosgs.gr,,ΟΛΓΑΣ 6         ,,(210) 9242149,,,,,,NO,,,omospondia,,,YES,393,ethnikosgs.gr,,,,,athlitismos,kithara,23.7365774,37.96878179,
98,Jutaidokan,Αθήνα, ΑΓΙΑ ΠΑΡΑΣΚΕΥΗ-μαιν,Πολεμικές τέχνες,Aikido,,,https://www.facebook.com/jutaidokan,http://www.aikidojutaidokan.gr/?lang=el,,,,,,,,,,NO,,,aikido.gr,,,YES,524,jutaidokan,,,,,polemikes-texnes,aikido,23.82610559,38.01841255,
99,Physiomedica dr Iliadis Team Athens,Αθήνα,T.K10434,Κλειστού Χώρου,Γυμναστήριο,,,https://www.facebook.com/physiomedica.iliadis?fref=ts,http://physiomedica.gr/physiomedica/,277251_163083170544533_78614410_o.jpg,"Κότσικα 2 Π.Άρεως – Αθήνα,T.K 10434",,,info@physiomedica.gr,,,,,NO,,,wefit,,,YES,545,physiomedica.iliadis,,,,,kleistou-xorou,gym,23.79862905,38.04939219,
100,Aikido Training Center,Αθήνα,ΑΓ. ΔΗΜΗΤΡΙΟΣ-main,Πολεμικές τέχνες,Aikido,,,https://el-gr.facebook.com/AikidoTrainingCenterVeskos/,http://aikidotrainingcenter.gr/,,,,,,,,,,NO,,,aikido.gr,,,YES,557,AikidoTrainingCenterVeskos,,,,,polemikes-texnes,aikido,23.7393,37.93816,
101,Α.Σ. Η ΑΤΡΑΠΟΣ - ΑΓ. ΙΩΑΝΝΗ ΡΕΝΤΗ,Αθήνα,Αγ.ΙωάννηςΡέντη,Πολεμικές τέχνες,Tang Soo Do,,,www.facebook.com/atraposmartialartscenter?pnref=story,www.atraposmartialarts.gr/,https://www.polemikes-tehnes.gr/pics/logos/b/20159129182141.jpg,,,, atrapos7chris@yahoo.com,,,,,NO,,,polemikes-texnes.gr,,,YES,566,atraposmartialartscenter,,,,,polemikes-texnes,tang-soo-do,23.6755772,37.9618378,
102,Οδυσσέας Αγίας Βαρβαρας,Αθήνα,ΑγίαΒάρβαρα,Αθλητισμός,Basket,,,https://www.facebook.com/OdysseusBC/timeline,http://www.odysseusbc.gr/,1779242_685876044798709_1324030606_n.jpg,"Σιπύλου 16,Αγία Βάρβαρα,Τ.Κ 12351",12351,,odysseusbc1@gmail.com,,,,,NO,,,wefit,,,YES,575,OdysseusBC,,,,,athlitismos,basket,,,
103,The Brotherhood,Αθήνα,ΆγιοςΔημήτριος,Πολεμικές τέχνες,Ju Jitsu,,,http://www.facebook.com/TheBrotherhooMFT,,1175446_627686877262264_1869250256_n.jpg,"Υπολοχαγού Καπετανάκη 53, Άγιος Δημήτριος, ΤΚ 17342",17342,,thebrotherhoodmft@gmail.com,,,,,NO,,,wefit,,,YES,591,TheBrotherhooMFT,,,,,polemikes-texnes,jujitsu,23.7254867,37.92143268,
104,Real Ryder Studio,Αθήνα,ΆγιοςΣτέφανος,Κλειστού Χώρου,Γυμναστήριο,,,https://www.facebook.com/RealRyderStudio.Gr,http://www.realryderstudio.gr/,cropped-realryder-logo2.jpg,"Ηρώων Πολυτεχνείου 13,Άγιος Στέφανος,Τ.Κ: 14565",14565,,,,,,,NO,,,wefit,,,YES,595,RealRyderStudio.Gr,,,,,kleistou-xorou,gym,23.85739059,38.13828026,
105,ΑΟ ΒΑΡΗΣ Ο ΑΝΑΓΥΡΟΥΣ,Αθήνα,ΑΘΗΝΑ,Αθλητισμός,Στίβος,,,https://el-gr.facebook.com/aovarisanagyrous/,http://www.aovarisanagyrous.gr/,,ΚΩΝ/ΝΟΥ ΜΟΥΤΟΥΣΗ 1,16672,210 9655475,,,,,,NO,,,omospondia,,,YES,600,aovarisanagyrous,,,,,athlitismos,stivos,,,
106,ΑΣ ΠΑΛΑΙΟΥ ΨΥΧΙΚΟΥ,Αθήνα,ΑΘΗΝΑ,Αθλητισμός,Στίβος,,,https://www.facebook.com/atfagr/timeline,,,ΙΩΑΝΝΟΥ ΔΡΟΣΟΠΟΥΛΟΥ 8,11257,,,,,,,NO,,,omospondia,,,YES,602,atfagr,,,,,athlitismos,stivos,23.78798231,38.04036879,
107,ENTASIS FITNESS CLUB,Αθήνα,Αιγάλεω,Κλειστού Χώρου,Γυμναστήριο,,,https://www.facebook.com/EntasisFitnessGym,http://www.entasisclub.gr/,εντασισ.jpg,"Θηβών 357, Αιγάλεω, Τ.Κ 12244",12244,,info@entasisclub.gr,,,,,NO,,,wefit,,,YES,630,EntasisFitnessGym,,,,,kleistou-xorou,gym,23.6766093,37.9902121,
108,Personal Center,Αθήνα,Αιγάλεω,Κλειστού Χώρου,Γυμναστήριο,,,https://www.facebook.com/stonehammerpersonalcenter,,1800336_721987294501115_996587996_n.jpg,"Θηβών 333 & Βάρναλη 1,Αιγάλεω,Τ.Κ 12242",12242,,,,,,,NO,,,wefit,,,YES,632,stonehammerpersonalcenter,,,,,kleistou-xorou,gym,23.67495,37.98704,
109,Σ.ΦΙ.ΓΑ(σύλλογος φίλων γυμναστικής Αιγάλεω),Αθήνα,Αιγάλεω,Αθλητισμός,Ενόργανη-Ρυθμική,,,https://www.facebook.com/RhytmicsGymnastics?fref=ts,,223932_507302289284157_1160977415_n.jpg,"Βάλτετσίου 3,Αιγάλεω,Τ.Κ: 12241",12241,,,,,,,NO,,,wefit,,,YES,634,RhytmicsGymnastics,,,,,athlitismos,gymnastics-rithmiki,23.6752491,37.9971352,
110,KARATE ΑΙΓΑΛΕΩ - Η ΚΑΡΔΙΑ ΤΟΥ ΠΟΛΕΜΙΣΤΗ,Αθήνα,Αιγάλεω,Πολεμικές τέχνες,Karate,,,www.facebook.com/yubukaidojo/,www.lemonbook.gr/site.php?store=TJbGLaLT5jDrZYGgRqUmyNyn&language=EL,https://www.polemikes-tehnes.gr/pics/logos/b/2017821225551496.jpg,,,, ikardiatoupolemisti239@yahoo.gr,,,,,NO,,,polemikes-texnes.gr,,,YES,635,yubukaidojo,,,,,polemikes-texnes,karate,23.6685,37.99975,
111,KRAV MAGA ΑΙΓΑΛΕΩ,Αθήνα,Αιγάλεω,Πολεμικές τέχνες,Krav Maga,,,www.facebook.com/kravmagaaigaleo/,,https://www.polemikes-tehnes.gr/pics/logos/b/20171027121814572.jpg,,,, info@combatkravmaga.gr,,,,,NO,,,polemikes-texnes.gr,,,YES,636,kravmagaaigaleo,,,,,polemikes-texnes,krav-manga,23.6823307,37.9978667,
112,Α.Ο. ΑΙΓΑΛΕΩ,Αθήνα,Αιγάλεω,Αθλητισμός,Κολύμβηση,,,https://www.facebook.com/AOAigaleoOfficial/,http://aoaigaleo.gr/%CE%BA%CE%BF%CE%BB%CF%8D%CE%BC%CE%B2%CE%B7%CF%83%CE%B7/ ,,Ν.Πλαστήρα 20 ,,(210) 5982800,ao.aigaleo@gmail.com     ,,,,,NO,,,omospondia,,,YES,637,AOAigaleoOfficial,,,,,athlitismos,kithara,,,
113,Α.Σ. ΜΑΧΗΤΙΚΗ ΑΚΑΔΗΜΙΑ ΠΛΑΤΩΝΟΣ,Αθήνα,Ακαδημία Πλάτωνος,Πολεμικές τέχνες,Kung Fu,,,www.facebook.com/mahitikiakadimia/timeline,,https://www.polemikes-tehnes.gr/pics/logos/b/2015818115620162.jpg,,,, kosrimbaud@gmail.com,,,,,NO,,,polemikes-texnes.gr,,,YES,647,mahitikiakadimia,,,,,polemikes-texnes,kung-fu,23.7086601,37.9944305,
114,Twins Fit Aliki & Maria Dimakopoulou,Αθήνα,Άλιμος,Κλειστού Χώρου,Γυμναστήριο,,,https://www.facebook.com/TwinsFitAthens?fref=ts,http://www.twinsfit.gr/,10360397_299766336880388_8654016419344381176_n.png,"Ιωνίας 9,Άλιμος,Τ.Κ. 17456",17456,,info@twinsfit.gr,,,,,NO,,,wefit,,,YES,662,TwinsFitAthens,,,,,kleistou-xorou,gym,23.74327,37.92622,
115,WORKOUT HALL,Αθήνα,Άλιμος,Κλειστού Χώρου,Γυμναστήριο,,,https://www.facebook.com/WorkoutHall?fref=ts,http://www.workouthall.gr/,wh_black_high.jpg,"Ρόδων 6 & Κυβέλης, Άλιμος,T.K 17456",17456,,info@workouthall.gr,,,,,NO,,,wefit,,,YES,663,WorkoutHall,,,,,kleistou-xorou,gym,23.73612,37.91316,
116,,Αθήνα,Άλιμος,Αθλητισμός,Κολύμβηση,,,https://www.facebook.com/N.O.K.Offshore/,http://www.nok.com.gr/,,Λ.Ποσειδώνος Β'Στάση  ,,(210)   9829878,,,,,,NO,,,omospondia,,,YES,665,N.O.K.Offshore,,,,,athlitismos,kithara,,,
117,Caestus gym,Αθήνα,Αλσούπολη,Πολεμικές τέχνες,Γυμναστήριο,,,https://www.facebook.com/CaestusGymByChristosTriantis,http://www.caestus.gr/,logo (66).jpg,"Κασταμονής 99α, Αλσούπολη, ΤΚ 14235",14235,,caestusgym@yahoo.gr,,,,,NO,,,wefit,,,YES,668,CaestusGymByChristosTriantis,,,,,polemikes-texnes,gym,23.77440333,38.03613491,
118,Athens Yoga,Αθήνα,Αμπελόκηποι,Κλειστού Χώρου,Γυμναστήριο,,,https://www.facebook.com/AthensYoga,http://athensyoga.gr/index.html,229181_399693323428864_1802617104_n.jpg,"Λουίζης Ριαν Κούρ 65-67,Αμπελόκηποι,Τ.Κ. 11523",11523,,,,,,,NO,,,wefit,,,YES,675,AthensYoga,,,,,kleistou-xorou,gym,23.76323587,37.99241828,
119,Central Gym,Αθήνα,Αμπελόκηποι,Κλειστού Χώρου,Γυμναστήριο,,,http://www.facebook.com/CentralFitnessGym/info,http://www.centralfitnessgym.gr/,1535027_793254657367309_949778407_n.jpg,"Άρτης & Μπιζανίου 4, Αμπελόκηποι, ΤΚ 11523",11523,,info@centralfitnessgym.gr,,,,,NO,,,wefit,,,YES,676,CentralFitnessGym,,,,,kleistou-xorou,gym,,,
120,Personal Studio by G.Papadimakis,Αθήνα,Αμπελόκηποι,Κλειστού Χώρου,Personal Trainer,,,https://www.facebook.com/georgepapadimakis,http://personalstudio.gr/,screen-shot-2014-12-01-at-34419-pm.png,"Λεωφ. Αλεξάνδρας 122, Αμπελόκηποι, Τ.Κ. 10471",10471,,info@personalstudio.gr,,,,,NO,,,wefit,,,YES,678,georgepapadimakis,,,,,kleistou-xorou,personal-trainer,23.7473344,37.9896561,
121,ΚΟΛΥΜΒΗΤΙΚΟΣ ΟΜΙΛΟΣ ΠΟΣΕΙΔΩΝ ΙΛΙΣΙΩΝ,Αθήνα,Ανω Ιλίσια,Αθλητισμός,Κολύμβηση,,,https://www.facebook.com/posidonas.ilision/,www.posidonas-ilision.gr,http://www.posidonas-ilision.gr/images/stories/logomedium.jpg,ΑΡΑΔΟΥ 5      ,,(210) 7757231,info@posidonas-ilision.gr,,,,,NO,,,omospondia,,,YES,699,posidonas.ilision,,,,,athlitismos,kithara,23.76277021,37.97369286,
122,ΑΘΛΗΤΙΚΟ ΣΩΜΑΤΕΙΟ ΚΟΛΥΜΒ.ΑΛΜΠΑΤΡΟΣ ΑΝΩ ΛΙΟΣΙΩΝ,Αθήνα,Άνω Λιόσια,Αθλητισμός,Κολύμβηση,,,https://www.facebook.com/Albatrosanoliosia/,https://askaal.blogspot.gr/2017/09/albatros-swimteam.html,,Αιγαίου Πελάγους 1 ,,(211)  4104383,albatrosanoliosion@gmail.com,,,,,NO,,,omospondia,,,YES,703,Albatrosanoliosia,,,,,athlitismos,kithara,,,
123,ΤΡΙΤΩΝΑΣ ΑΘΛΗΤΙΚΟΣ ΟΜΙΛΟΣ ΑΝΩ ΛΙΟΣΙΩΝ,Αθήνα,Άνω Λιόσια,Αθλητισμός,Κολύμβηση,,,https://www.facebook.com/tritonasa.o/,,,Αιγαίου Πελάγους 1    ,,6976 787947,tritonasaoal@gmail.com,,,,,NO,,,omospondia,,,YES,704,tritonasa.o,,,,,athlitismos,kithara,,,
124,Hellenic Inochikan Aikikai,Αθήνα,ΑΝΩ ΠΑΤΗΣΙΑ-main,Πολεμικές τέχνες,Aikido,,,https://el-gr.facebook.com/inochikan/,http://dojo.inochikan.com/index.php/gr/,,"Neigi 17, Athina 111 43, Greece",,,,,,,,NO,,,hunter.io,,,YES,708,inochikan,,,,,polemikes-texnes,aikido,23.722735,37.966235,
125,WING CHUN KUNG FU - BREBOS,Αθήνα,ΆνωΛιόσια,Πολεμικές τέχνες,Kung Fu,,,www.facebook.com/WingChunKungFuPBrebos/timeline,www.wingchunkf.gr,https://www.polemikes-tehnes.gr/pics/logos/b/201582312051395.jpg,,,, ,,,,,NO,,,polemikes-texnes.gr,,,YES,712,WingChunKungFuPBrebos,,,,,polemikes-texnes,kung-fu,23.70095372,38.07803626,
126,EVOLUTION TIGER SCHOOL,Αθήνα,ΆνωΠατήσια,Πολεμικές τέχνες,Kung Fu,,,www.facebook.com/evolutiontigerschool/,www.schoolofevolutiontiger.net,https://www.polemikes-tehnes.gr/pics/logos/b/20171021191915686.jpg,,,, info@schoolofevolutiontiger.net,,,,,NO,,,polemikes-texnes.gr,,,YES,713,evolutiontigerschool,,,,,polemikes-texnes,kung-fu,23.73889,38.02134,
127,BUJINKAN NICHIGETSU DOJO,Θεσσαλονίκη,ΑνωΤούμπα,Πολεμικές τέχνες,Ninjutsu,,,www.facebook.com/Bujinkan.Nichigetsu.Dojo/?ref=br_rs,www.budotaijutsu.gr/,https://www.polemikes-tehnes.gr/pics/logos/b/201808132313770.jpg,,,, kapselidakis@budotaijutsu.gr ,,,,,NO,,,polemikes-texnes.gr,,,YES,714,Bujinkan.Nichigetsu.Dojo,,,,,polemikes-texnes,ninjutsu,22.9656244,40.61627414,
128,FLOW TAIJI CENTER,Αθήνα,Αργυρούπολη,Πολεμικές τέχνες,Kung Fu,,,www.facebook.com/flowtaiji/?pnref=lhc,flowtaiji.wix.com/flowtaiji,https://www.polemikes-tehnes.gr/pics/logos/b/201635151046538.jpg,,,, info@flowtaiji.gr,,,,,NO,,,polemikes-texnes.gr,,,YES,730,flowtaiji,,,,,polemikes-texnes,kung-fu,23.7466,37.91631,
129,ΑΘΛΗΤΙΚΟΣ ΝΑΥΤΙΚΟΣ ΟΜΙΛΟΣ ΑΡΓΥΡΟΥΠΟΛΗΣ (A.Ν.Ο.Α.) ,Αθήνα,Αργυρούπολη,Αθλητισμός,Κολύμβηση,,,www.facebook.com/anoargyroupolis.gr/,,,ΜΙΛΗΤΟΥ 2          ,,(210) 9623333,anoaswim@gmail.com,,,,,NO,,,omospondia,,,YES,732,anoargyroupolis.gr,,,,,athlitismos,kithara,,,
130,ΑΟ ΔΙΑΣ ΟΛΥΜΠ.ΧΩΡΙΟΥ,Αθήνα,ΑΧΑΡΝΑΙ,Αθλητισμός,Στίβος,,,https://el-gr.facebook.com/AODIASOX/,http://www.dias-stivos.gr/,,ΒΑΣΙΛΕΙΟΥ ΠΟΛΥΜΕΡΗ 5,13677,6936 668800,,,,,,NO,,,omospondia,,,YES,753,AODIASOX,,,,,athlitismos,stivos,,,
131,Acharnai Tennis Academy,Αθήνα,Αχαρναί,Αθλητισμός,Tennis,,,https://www.facebook.com/acharnaitennis?fref=ts,http://www.acharnaitennisacademy.gr/,400709_286763204707840_179435588_n.jpg,"Δεκελείας 193,Αχαρναί,Τ.Κ:  13671",13671,,info@acharnaitennis.gr,,,,,NO,,,wefit,,,YES,762,acharnaitennis,,,,,athlitismos,tennis,23.75993282,38.09089259,
132,ΑΟ ΒΑΡΗΣ ΔΡΟΜΕΑΣ,Αθήνα,ΒΑΡΗ,Αθλητισμός,Στίβος,,,https://el-gr.facebook.com/a.o.dromeasvaris/,,,ΜΕΓΑΛΟΥΠΟΛΕΩΣ 22,16672,6936 115011,,,,,,NO,,,omospondia,,,YES,769,a.o.dromeasvaris,,,,,athlitismos,stivos,23.7842007,37.8333511,
133,Vari Tennis Club,Αθήνα,Βάρη,Αθλητισμός,Tennis,,,https://www.facebook.com/Varitennisclub?ref=br_rs,http://varitennisclub.gr/,logo (59).jpg,"Παΐζη 56, Βάρη, ΤΚ 16672",16672,,kampanaosjohn@yahoo.gr,,,,,NO,,,wefit,,,YES,771,Varitennisclub,,,,,athlitismos,tennis,23.7939596,37.83613306,
134,Bavelas - Chatzinikolaou Tennis Academy,Αθήνα,Βάρκιζα,Αθλητισμός,Tennis,,,https://www.facebook.com/MegasAlexandrosTennisAcademy/timeline,http://bcta.gr/,logo (10).jpg,"Αφροδίτης 76, Βάρκιζα",,,dxatzi1979@hotmail.co.uk,,,,,NO,,,wefit,,,YES,775,MegasAlexandrosTennisAcademy,,,,,athlitismos,tennis,23.730894,37.9712641,
135,Urban Yoga,Αθήνα,Βούλα,Κλειστού Χώρου,Yoga,,,https://www.facebook.com/urbanyogagr,http://www.urbanyoga.gr/,urban-yoga-logo1.jpg,"Λευκάδος 10, Βούλα, ΤΚ 16673",16673,,,,,,,NO,,,wefit,,,YES,785,urbanyogagr,,,,,kleistou-xorou,yoga,23.77093838,37.84305079,
136,PLANET FITNESS AND MORE,Αθήνα,Βριλήσσια,Κλειστού Χώρου,Γυμναστήριο,,,https://www.facebook.com/planet.vrilissia?fref=ts,http://planetfitness.gr/clubs/vrilissia/,logo.png,"Λεωφ. Πεντέλης 132, Βριλήσσια,Τ.Κ 152 35",15235,,,,,,,NO,,,wefit,,,YES,798,planet.vrilissia,,,,,kleistou-xorou,gym,23.84587884,38.04259908,
137,Redblossom Body & Mind,Αθήνα,Βριλήσσια,Κλειστού Χώρου,Pilates,,,https://www.facebook.com/RedblossomBodyMind,http://www.redblossom.gr/,95f09d_30423d0a7a3cfe8519b18921ec0c6cbbpng_srz_p_100_126_75_22_050_120_0.png,"Α. Διάκου 12 & Μ. Αλεξάνδρου,Βριλήσσια,Τ.Κ. 15235",15235,,info@redblossom.gr,,,,,NO,,,wefit,,,YES,799,RedblossomBodyMind,,,,,kleistou-xorou,pilates,23.8465333,38.04618159,
138,Athens Aikido Society,Αθήνα,ΒΥΡΩΝΑΣ-main,Πολεμικές τέχνες,Aikido,,,https://el-gr.facebook.com/AthensAikidoSociety/,http://athensaikidosociety.gr,,,,,,,,,,NO,,,aikido.gr,,,YES,810,AthensAikidoSociety,,,,,polemikes-texnes,aikido,23.76903,37.94903,
139,Fight Club Central Gym,Αθήνα,Γαλάτσι,Πολεμικές τέχνες,Boxing,,,https://www.facebook.com/fightclubgalatsi,http://www.fightclubgalatsi.gr/,10334396_715898081793826_4404317514694289944_n.png,"Λεωφόρος Βεϊκου 121 – 123, Γαλάτσι,T.K 111 47",11147,,info@figthtclubgalatsi.gr,,,,,NO,,,wefit,,,YES,816,fightclubgalatsi,,,,,polemikes-texnes,boxing,23.75804186,38.02231741,
140,GOLDEN GYM,Αθήνα,Γαλάτσι,Κλειστού Χώρου,Γυμναστήριο,,,https://www.facebook.com/GymGolden?fref=ts,http://www.golden-gym.gr/,402975_381961838484264_438369505_n (1).jpg,"Βεΐκου 35, Γαλάτσι, ΤΚ 11146",11146,,info@golden-gym.gr,,,,,NO,,,wefit,,,YES,817,GymGolden,,,,,kleistou-xorou,gym,23.754372,38.0160395,
141,Triantafyllis Team,Αθήνα,Γαλάτσι,Πολεμικές τέχνες,Karate,,,https://www.facebook.com/AsGalatsioueDoxaTriantafyllisTeam?fref=ts,,10351589_724589667614965_975533429894985422_n (1).jpg,"Κουντουριώτου 98,Γαλάτσι,Τ.Κ 11146",11146,,Triantafyllis@gmail.com,,,,,NO,,,wefit,,,YES,818,AsGalatsioueDoxaTriantafyllisTeam,,,,,polemikes-texnes,karate,23.75749,38.02246,
142,Budolife (AWA member),Αθήνα,ΓΕΡΑΚΑΣ,Πολεμικές τέχνες,Aikido,,,https://www.facebook.com/budolifegerakas/,http://www.budolife.gr/,,,,,,,,,,NO,,,aikido.gr,,,YES,824,budolifegerakas,,,,,polemikes-texnes,aikido,23.85272652,38.02926241,
143,BUDO LIFE,Αθήνα,Γέρακας,Πολεμικές τέχνες,Aikido,,,www.facebook.com/budolifegerakas/,www.budolife.gr/,https://www.polemikes-tehnes.gr/pics/logos/b/201772821917455.jpg,,,, info@budolife.gr,,,,,NO,,,polemikes-texnes.gr,,,YES,833,budolifegerakas,,,,,polemikes-texnes,aikido,23.85272652,38.02926241,
144,ΑΚΑΔΗΜΙΑ AIKIDO KOBAYASHI HIROKAZU RYU,Αθήνα,Γέρακας,Πολεμικές τέχνες,Aikido,,,www.facebook.com/AikidoKobayashiRyuHellas/,https://aikidokobayashihellas.wordpress.com/,https://www.polemikes-tehnes.gr/pics/logos/b/2017109184146323.png,,,, aikido.kobayashi.hellas@gmail.com,,,,,NO,,,polemikes-texnes.gr,,,YES,834,AikidoKobayashiRyuHellas,,,,,polemikes-texnes,aikido,23.84889364,38.01230972,
145,ΚΕΝΤΡΟ ΜΑΧΗΤΙΚΩΝ ΤΕΧΝΩΝ ΤΑΣΟΣ ΖΕΡΒΑΣ,Αθήνα,ΓλυκάΝερά,Πολεμικές τέχνες,Tae Kwon Do,,,www.facebook.com/polemikestexneszervas/,polemikestexneszervas.gr/,https://www.polemikes-tehnes.gr/pics/logos/b/201782811112323.jpg,,,, info@polemikestexneszervas.gr,,,,,NO,,,polemikes-texnes.gr,,,YES,847,polemikestexneszervas,,,,,polemikes-texnes,tae-kwon-do,23.8477954,38.0034865,
146,ZEN Fighters,Αθήνα,ΓΛΥΦΑΔΑ,Πολεμικές τέχνες,Kung Fu,,,https://www.facebook.com/Zenfighters/timeline,http://www.zenfighters.gr/,zen.jpg,"Μυκήνων 19,Γλυφαδα,Τ.Κ 16674",16674,,johnk_9@hotmail.com,,,,,NO,,,wefit,,,YES,852,Zenfighters,,,,,polemikes-texnes,kung-fu,23.7641,37.87253,
147,EDGE performance center,Αθήνα,Γλυφάδα,Κλειστού Χώρου,Personal Trainer,,,https://www.facebook.com/theEdgeGlyfadas,,1185013_561335930569165_559674972_n.jpg,"Φοίβης 13,Γλυφάδα,Τ.Κ. 16674",16674,,,,,,,NO,,,wefit,,,YES,859,theEdgeGlyfadas,,,,,kleistou-xorou,personal-trainer,23.75402,37.85973,
148,ΑΚΑΔΗΜΙΑ ΤΟΞΟΒΟΛΙΑΣ,Αθήνα,Γλυφάδα,Αθλητισμός,Τοξοβολία,,,https://www.facebook.com/AkademiaToxobolias/timeline,http://www.fightway.gr/texnes/toxovolia,1175516_462496107181177_1257313703_n.jpg,"Στοργής 2,Γλυφάδα,Τ.Κ. 16674",16674,,archery.academy.greece@gmail.com,,,,,NO,,,wefit,,,YES,866,AkademiaToxobolias,,,,,athlitismos,toxovolia,23.7643999,37.87733,
149,FIGHT WAY,Αθήνα,Γλυφάδα,Πολεμικές τέχνες,Hapkido,,,www.facebook.com/Fightway/,www.fightway.gr/,https://www.polemikes-tehnes.gr/pics/logos/b/2017821231445613.jpg,,,, info@fightway.gr,,,,,NO,,,polemikes-texnes.gr,,,YES,867,Fightway,,,,,polemikes-texnes,hapkido,23.76432896,37.87747869,
150,ΝΑΥΤΙΚΟΣ ΑΘΛΗΤΙΚΟΣ ΟΜΙΛΟΣ ΑΡΙΩΝ ΓΛΥΦΑΔΑΣ,Αθήνα,Γλυφάδα,Αθλητισμός,Κολύμβηση,,,https://www.facebook.com/ArionGlyfada/,http://www.arionglyfadas.gr/,,Μεταξά 39  ,,(210) 8940514,,,,,,NO,,,omospondia,,,YES,870,ArionGlyfada,,,,,athlitismos,kithara,23.75450134,37.86008225,
151,WAY OUT FITNESS CLUB,Αθήνα,Δάφνη,Κλειστού Χώρου,Γυμναστήριο,,,https://www.facebook.com/wayoutgym/timeline,,10411225_518800348243128_2831607362116968122_n.jpg,"Χίου 21,Δάφνη,Τ.Κ 17237",17237,,saintdion@hotmail.com,,,,,NO,,,wefit,,,YES,882,wayoutgym,,,,,kleistou-xorou,gym,23.73911085,37.95379741,
152,Shaolin Gongfu,Αθήνα,Δάφνης,Πολεμικές τέχνες,Kung Fu,,,https://www.facebook.com/greekshaolin/timeline,http://www.shaolin.com.gr/,1461678_162696607273172_1435858274_n.jpg,"Σοφοκλή Βενιζέλου 30,Δάφνης,Τ.Κ:  17235",17235,,dafni@shaolin.com.gr,,,,,NO,,,wefit,,,YES,883,greekshaolin,,,,,polemikes-texnes,kung-fu,23.7381196,37.9506266,
153,Geobukan,Αθήνα,ΔίλοφοΒάρης,Πολεμικές τέχνες,Ju Jitsu,,,http://www.facebook.com/GeobukanBudoAcedemygbaGZantiotis?fref=ts,http://geobukan.gr/home.php,logo (21).jpg,"Λ. Βάρης 15, Δίλοφο Βάρης, ΤΚ 16672",16672,,geobukan@gmail.com,,,,,NO,,,wefit,,,YES,887,GeobukanBudoAcedemygbaGZantiotis,,,,,polemikes-texnes,jujitsu,23.78884004,37.83418477,
154,Taekwondo Jaguar,Αθήνα,Διόνυσος,Πολεμικές τέχνες,Tae Kwon Do,,,https://www.facebook.com/tkdjaguar.gr/timeline,http://taekwondo-jaguar.gr/,1460267_1381808752039813_1848506952_n.png,"Διονύσιου Πλαστήρα 50,Διόνυσος,Τ.Κ: 14576",14576,,giannis.govas@gmail.com,,,,,NO,,,wefit,,,YES,888,tkdjaguar.gr,,,,,polemikes-texnes,tae-kwon-do,23.62596194,37.96814057,
155,Boxing academy,Αθήνα,ΔΡΑΠΕΤΣΩΝΑ,Πολεμικές τέχνες,Boxing,,,https://www.facebook.com/boxingacademy.gr?ref=ts&fref=ts,,10436341_958348014194323_7026729709300660872_n.jpg,"Ρήγα Φεραιου & Κουντουριωτου,Δραπετσωνα,Τ.Κ 18648",18648,,alekospapaiosif@gmail.com,,,,,NO,,,wefit,,,YES,895,boxingacademy.gr,,,,,polemikes-texnes,boxing,23.62929583,37.94564006,
156,Α.Σ. ΕΛΕΥΣΙΝΑΣ ΑΡΕΝΑ,Αθήνα,Ελευσίνα,Πολεμικές τέχνες,Ju Jitsu,,,www.facebook.com/elefsinas.arena/timeline,,https://www.polemikes-tehnes.gr/pics/logos/b/201592125935747.jpg,,,, naplyg@gmail.com,,,,,NO,,,polemikes-texnes.gr,,,YES,911,elefsinas.arena,,,,,polemikes-texnes,jujitsu,,,
157,Aikido Academy,Αθήνα,Ελληνικό,Πολεμικές τέχνες,Aikido,,,https://www.facebook.com/aikidoacademy.gr/timeline,http://www.aikidoacademy.gr/el/home,logo (27).jpg,"Θράκης 30, Ελληνικό, TK 16777",16777,,info@aikidoacademy.gr,,,,,NO,,,wefit,,,YES,914,aikidoacademy.gr,,,,,polemikes-texnes,aikido,23.75367917,37.88894087,
158,Body Concept,Αθήνα,Ελληνικό,Κλειστού Χώρου,Γυμναστήριο,ΓΥΜΝΑΣΤΗΡΙΟ,,https://www.facebook.com/pages/Body-Concept/102312799813336,,544682_355759417802005_2085724606_n.jpg,"Ιασωνίδου 58, Ελληνικό, ΤΚ 16777",16777,,bodyconcept@hotmail.gr,,,,,NO,,,wefit,,,YES,915,102312799813336,,,,,kleistou-xorou,gym,,,
159,Bodytone,Αθήνα,Ελληνικό,Κλειστού Χώρου,Pilates,,,https://www.facebook.com/bodytone.gr,http://bodytone.gr/,10390452_909316672418148_1955950847809184999_n.png,"Πλάτωνος 7, Ελληνικό, ΤΚ 16777",16777,,e_rizou@hotmail.com,,,,,NO,,,wefit,,,YES,916,bodytone.gr,,,,,kleistou-xorou,pilates,23.75986,37.89355,
160,CrossFit South Factory,Αθήνα,Ελληνικό,Κλειστού Χώρου,Cross Fit,,,https://www.facebook.com/CrossfitSouthFactory,http://www.crossfitsouthfactory.gr/#!/splash-page,578252_200471363427882_883129319_n.jpg,"Ροδοπόλεως 66, Ελληνικό, TK16777",16777,,info@crossfitsouthfactory.gr,,,,,NO,,,wefit,,,YES,917,CrossfitSouthFactory,,,,,kleistou-xorou,crossfit,23.74284983,37.90492859,
161,Hippocampus Fitness Club,Αθήνα,Ελληνικό,Κλειστού Χώρου,Γυμναστήριο,,,https://www.facebook.com/hippocampus.fitnessclub?fref=ts,http://www.hippocampus.gr/,logo (62).jpg,"Λ. Βουλιαγμένης & Παπαφλέσσα 1α, Ελληνικό, ΤΚ 16777",16777,,info@hippocampus.gr,,,,,NO,,,wefit,,,YES,919,hippocampus.fitnessclub,,,,,kleistou-xorou,gym,23.75036317,37.88829747,
162,ΕΜΠ Dojo,Αθήνα,ΕΜΠ,Πολεμικές τέχνες,Aikido,,,https://el-gr.facebook.com/AikidoEMP/,,,,,,,,,,,NO,,,aikido.gr,,,YES,923,AikidoEMP,,,,,polemikes-texnes,aikido,,,
163,Αθλητικό Πάρκο Φωκιανού (Fokianos Sport Park),Αθήνα,Ζάππειο,Κλειστού Χώρου,Γυμναστήριο,,,https://www.facebook.com/fokianossportspark/timeline,,10171216_625060590911232_3627587240067198807_n.jpg,"Βασ. Όλγας 1, Ζάππειο, ΤΚ 10557",10557,,fokianosevents@gmail.com,,,,,NO,,,wefit,,,YES,936,fokianossportspark,,,,,kleistou-xorou,gym,23.73825734,37.96967946,
164,Fighting Spirit kick boxing club Ζωγράφου,Αθήνα,Ζωγράφου,Πολεμικές τέχνες,Kick Boxing,,,https://www.facebook.com/KickBoxing.Zografou/timeline,http://fighting-spirit-club.blogspot.gr/,1904109_501672876618485_693631792_n.jpg,"Οζόλων 1, Ζωγράφου,T.K. 15771",15771,,astratis2@gmail.com,,,,,NO,,,wefit,,,YES,947,KickBoxing.Zografou,,,,,polemikes-texnes,kickboxing,23.75919971,37.97785193,
165,Pagration arena,Αθήνα,Ζωγράφου,Κλειστού Χώρου,Γυμναστήριο,,,https://www.facebook.com/pagrationarena,http://pagration-arena.gr/,1463557_374291796050393_2100828282_n.jpg,"Διάκριας 14 κ Καββαθά 30,Ζωγράφου,T.K: 15773",15773,,themis.vasilis@gmail.com,,,,,NO,,,wefit,,,YES,948,pagrationarena,,,,,kleistou-xorou,gym,23.74209344,37.96280059,
166,Hakushinkai Dojo,Αθήνα,ΗΛΙΟΥΠΟΛΗ,Πολεμικές τέχνες,Aikido,,,https://el-gr.facebook.com/HakushinkaiAthens/,http://www.hakushinkai-athens.gr/greek/home.html,,,,,,,,,,NO,,,aikido.gr,,,YES,952,HakushinkaiAthens,,,,,polemikes-texnes,aikido,23.7522936,37.93877049,
167,CORIOLANOS,Αθήνα,Ηλιούπολη,Πολεμικές τέχνες,Muay Thai,,,https://www.facebook.com/coriolanoscollege,http://www.coriolanos.gr/,188290_334457883322756_92954993_n.jpg,"Σκιάθου 26 & Μόσχου 1, Ηλιούπολη, ΤΚ 16346",16346,,coriolanoscollege@gmail.com,,,,,NO,,,wefit,,,YES,963,coriolanoscollege,,,,,polemikes-texnes,muay-thai,,,
168,Mpasdekis Gym Prive,Αθήνα,Ηλιούπολη,Κλειστού Χώρου,PERSONAL TRAINER,,,https://www.facebook.com/MpasdekisGym?fref=ts,,262179_113773258716031_5537069_n (1).jpg,"Koυντουριώτη 13,Ηλιούπολη,Τ.Κ. 16342",16342,,mpasdekis_gym@hotmail.com,,,,,NO,,,wefit,,,YES,965,MpasdekisGym,,,,,kleistou-xorou,personal-trainer,23.75660419,37.93042192,
169,TORA SHOTOKAN KARATE-DO,Αθήνα,Ηλιούπολη,Πολεμικές τέχνες,Karate,,,www.facebook.com/karatetora/timeline,www.karate-tora.gr,https://www.polemikes-tehnes.gr/pics/logos/b/201592114430406.jpg,,,, info@karate-tora.gr,,,,,NO,,,polemikes-texnes.gr,,,YES,972,karatetora,,,,,polemikes-texnes,karate,23.71201,37.97706,
170,YING JOW PAI ΗΛΙΟΥΠΟΛΗΣ,Αθήνα,Ηλιούπολη,Πολεμικές τέχνες,Kung Fu,,,www.facebook.com/Ying.Jow.Pai.Ilioupoli/,www.yingjowpailioupoli.gr/,https://www.polemikes-tehnes.gr/pics/logos/b/2017612152913986.jpg,,,, katsivass@yahoo.gr,,,,,NO,,,polemikes-texnes.gr,,,YES,973,Ying.Jow.Pai.Ilioupoli,,,,,polemikes-texnes,kung-fu,25.46402083,35.28434455,
171,Athens Tai Chi Chuan Association,Αθήνα,Ηράκλειο,Πολεμικές τέχνες,Tai Chi,,,https://www.facebook.com/TaiChiChuanAthens,http://taichiathens.gr/,149388_774579132616028_1860116670175726625_n.jpg,"Σελήνης 23,Ηράκλειο,Τ.Κ:  14123",14123,,taichiathens@gmail.com,,,,,NO,,,wefit,,,YES,976,TaiChiChuanAthens,,,,,polemikes-texnes,taichi,,,
172,KOZA Sports,Αθήνα,Ηράκλειο,Αθλητισμός,Ping Pong,,,https://www.facebook.com/kozasportsclub,http://kozasports.gr/,logo2.png,"Λεωφόρος Ηρακλείου 409,Ηράκλειο,Τ.Κ. 14121",14121,,info@kozasports.gr,,,,,NO,,,wefit,,,YES,977,kozasportsclub,,,,,athlitismos,ping-pong,23.76106739,38.0423456,
173,Rock way climbing gym,Αθήνα,Ηράκλειο,Κλειστού Χώρου,Climbing,,,https://www.facebook.com/rockway.climbing,http://www.rockwayclimbing.com/el/,top_logo.jpg,"Προβελέγγιου 4, Ηράκλειο, TK 14122",14122,,info@rockwayclimbing.com,,,,,NO,,,wefit,,,YES,978,rockway.climbing,,,,,kleistou-xorou,climbing,23.77988916,38.06093731,
174,"Shaolin Gong Fu ""Η Πηγή του Νεαρού Δάσους """,Αθήνα,Ηράκλειο,Πολεμικές τέχνες,Kung Fu,,,https://www.facebook.com/shaolingongfu.gr/timeline,http://www.shaolin.com.gr/,75976_567114973305183_721611877_n.png,"Πλαπούτα & Καλλικράτους 4 ,Ηράκλειο,Τ.Κ: 14122",14122,,iraklio@shaolin.com.gr,,,,,NO,,,wefit,,,YES,979,shaolingongfu.gr,,,,,polemikes-texnes,kung-fu,23.77793652,38.05671125,
175,New Life up,Αθήνα,Ίλιον,Κλειστού Χώρου,Γυμναστήριο,,,https://www.facebook.com/www.lifeupgym.gr?fref=ts,http://www.lifeup.gr/,logo (19).png,"Ιδομενέως 112,Ίλιον,Τ.Κ: 13122",13122,,,,,,,NO,,,wefit,,,YES,1029,www.lifeupgym.gr,,,,,kleistou-xorou,gym,23.70155598,38.03057697,
176,Α.Ο ΙΛΙΟΥ JUDO CLUB,Αθήνα,Ίλιον,Πολεμικές τέχνες,Judo,,,www.facebook.com/AoiliouJudoClub/,,https://www.polemikes-tehnes.gr/pics/logos/b/20181291525671.jpg,,,, n.antoniou61@gmail.com,,,,,NO,,,polemikes-texnes.gr,,,YES,1032,AoiliouJudoClub,,,,,polemikes-texnes,judi,,,
177,A2Z fitness,Αθήνα,Κ.Κηφισιά,Κλειστού Χώρου,Γυμναστήριο,,,https://www.facebook.com/atozfitness,http://www.a2zfitness.gr/?lang=el,10455298_718195984882923_1299729805186853020_n.png,"Μάτσα 15,Κ. Κηφισιά,Τ.Κ. 14564",14564,,antoniszervas@a2zfitness.gr,,,,,NO,,,wefit,,,YES,1043,atozfitness,,,,,kleistou-xorou,gym,23.7875123,38.0811341,
178,TZANOS KARATE ACADEMY,Αθήνα,Κ.Χαλάνδρι,Πολεμικές τέχνες,Karate,,,www.facebook.com/TzanosKarateAcademyChalandri/,www.karatechalandri.gr/,https://www.polemikes-tehnes.gr/pics/logos/b/2017827103350926.png,,,, tzanos_world@hotmail.com,,,,,NO,,,polemikes-texnes.gr,,,YES,1047,TzanosKarateAcademyChalandri,,,,,polemikes-texnes,karate,,,
179,Kavouri Tennis Club,Αθήνα,Καβούρι,Αθλητισμός,Tennis,,,https://www.facebook.com/kavouritennisclub.gr,http://kavouritennisclub.gr/,logo.bmp,"Ακτής & Λητούς, Καβούρι, ΤΚ 16671",16671,,info@kavouritennisclub.gr,,,,,NO,,,wefit,,,YES,1052,kavouritennisclub.gr,,,,,athlitismos,tennis,23.77093957,37.81778621,
180,ΠΑΝΕΛΛΗΝΙΑ ΕΝΩΣΗ ΓΟΥΣΟΥ - ΚΟΥΝΓΚ ΦΟΥ,Αθήνα,Καισαριανή,Πολεμικές τέχνες,Kung Fu,,,facebook.com/pewkf/,,https://www.polemikes-tehnes.gr/pics/logos/b/2017102119948253.jpg,,,, pewkf@yahoo.com,,,,,NO,,,polemikes-texnes.gr,,,YES,1059,pewkf,,,,,polemikes-texnes,kung-fu,23.75384688,37.97198619,
181,Social Arenas kalithea,Αθήνα,ΚΑΛΛΙΘΕΑ,Κλειστού Χώρου,Γυμναστήριο,,,https://www.facebook.com/JoeWeiderGyms,http://www.joegyms.gr/,sociall_logo_negative_preview.jpg,"ΔΑΒΑΚΗ 37 & ΑΝΔΡΟΜΑΧΗΣ,ΚΑΛΛΙΘΕΑ,Τ.Κ.17673",17673,,,,,,,NO,,,wefit,,,YES,1076,JoeWeiderGyms,,,,,kleistou-xorou,gym,,,
182,FIT ME,Αθήνα,Καλλιθέα,Κλειστού Χώρου,Γυμναστήριο,,,https://www.facebook.com/fitmebyioanna,,1925329_595530060525755_886731998_n.jpg,"Γρυπάρης 103 & Μενελάου, Καλλιθέα, ΤΚ 17672",17672,,fitmebyioanna@yahoo.gr,,,,,NO,,,wefit,,,YES,1087,fitmebyioanna,,,,,kleistou-xorou,gym,23.7070392,37.9573415,
183,Personal Group by G.Papadimakis,Αθήνα,Κατεχάκη,Κλειστού Χώρου,Personal Trainer,,,https://www.facebook.com/fitnessclubpapadimakis,http://www.georgepapadimakis.gr/,papadimakis.jpg,"Μιχ. Μωραϊτη 66, Κατεχάκη, Τ.Κ. 11525",11525,,info@georgepapadimakis.gr,,,,,NO,,,wefit,,,YES,1118,fitnessclubpapadimakis,,,,,kleistou-xorou,personal-trainer,23.7473344,37.9896561,
184,Ένωση Φίλων Αντισφαίρισης Χαλανδρίου - ΕΦΑΧ,Αθήνα,ΚάτωΧαλάνδρι,Αθλητισμός,TENNIS,,,https://www.facebook.com/EnosiFilonAntisfairisisHalandriou/timeline,,logo (15).jpg,"Αθλητικό κέντρο Αποστολοπούλου, Κάτω Χαλάνδρι, TK 15231",15231,,vasdim1969@gmail.com,,,,,NO,,,wefit,,,YES,1122,EnosiFilonAntisfairisisHalandriou,,,,,athlitismos,tennis,,,
185,Social Arenas Keratsini,Αθήνα,ΚΕΡΑΤΣΙΝΙ,Κλειστού Χώρου,Γυμναστήριο,,,https://www.facebook.com/JoeWeiderGyms,http://www.joegyms.gr/,sociall_logo_negative_preview (11).jpg,"Λ.ΔΗΜΟΚΡΑΤΙΑΣ 17,ΚΕΡΑΤΣΙΝΙ,Τ.Κ. 18756",18756,,,,,,,NO,,,wefit,,,YES,1127,JoeWeiderGyms,,,,,kleistou-xorou,gym,,,
186,Gym Royale,Αθήνα,Κερατσίνι,Κλειστού Χώρου,Γυμναστήριο,,,https://www.facebook.com/GymRoyale?fref=ts,http://gymroyale.gr/,10489688_542618399194598_755385392149318059_n.png,"Γρηγορίου Λαμπράκη 337,Κερατσίνι,Τ.Κ: 18757",18757,,,,,,,NO,,,wefit,,,YES,1137,GymRoyale,,,,,kleistou-xorou,gym,23.6283932,37.97699869,
187,Navasana,Αθήνα,Κερατσίνι,Κλειστού Χώρου,YOGA,,,https://www.facebook.com/NAVASANA,http://navasana.gr/,logo3.png,"Πάναγνη Τσαλδάρη 58,Κερατσίνι,Τ.Κ: 18757",18757,,,,,,,NO,,,wefit,,,YES,1141,NAVASANA,,,,,kleistou-xorou,yoga,23.62250194,37.96763246,
188,Silvereight,Αθήνα,Κερατσίνι,Κλειστού Χώρου,Γυμναστήριο,,,https://www.facebook.com/silvereightstudio?fref=ts,http://www.silvereight.gr/,10290631_858685237526228_4003108191826022834_n.jpg,"Βασίλειου Μέλετη 5,Κερατσίνι,Τ.Κ: 18757",18757,,info@silvereight.gr,,,,,NO,,,wefit,,,YES,1142,silvereightstudio,,,,,kleistou-xorou,gym,23.6245403,37.9731102,
189,Ying Jow Pai,Αθήνα,Κερατσίνι,Πολεμικές τέχνες,Kung Fu,,,https://www.facebook.com/yingjowpaigreece/timeline,http://www.kungfu.com.gr/index.php,logo (56).jpg,"Γρηγορίου Λαμπράκη 415,Κερατσίνι,Τ.Κ 18757",18757,,sifuvasilakis@yahoo.gr,,,,,NO,,,wefit,,,YES,1143,yingjowpaigreece,,,,,polemikes-texnes,kung-fu,23.62142329,37.97098368,
190,NORTHERN EAGLE CLAW KUNG FU – GREGORY VASILAKIS,Αθήνα,Κερατσίνι-Αμφιάλη,Πολεμικές τέχνες,Kung Fu,,,www.facebook.com/yingjowpaigreece,www.yingjowpai.gr,https://www.polemikes-tehnes.gr/pics/logos/b/201497184840520.jpg,,,, sifuvasilakis@yahoo.gr,,,,,NO,,,polemikes-texnes.gr,,,YES,1147,yingjowpaigreece,,,,,polemikes-texnes,kung-fu,23.62142329,37.97098368,
191,Shiai Club,Αθήνα,Κηφισιά,Πολεμικές τέχνες,Judo,,,https://www.facebook.com/shiaiclub/timeline,,logo (26).jpg,"Μάρκου Mπότσαρη 30,Κηφισιά,Τ.Κ. 14561",14561,,shiaiclub@gmail.com,,,,,NO,,,wefit,,,YES,1159,shiaiclub,,,,,polemikes-texnes,judi,23.80068,38.07613,
192,Studio Pilates San Tsai,Αθήνα,Κηφισιά,Κλειστού Χώρου,Pilates,,,https://www.facebook.com/pilateskifissia,http://www.pilateskifissia.gr/index.php?option=com_content&view=frontpage&Itemid=1,1476145_632243463505579_974288220_n.jpg,"Χελιδονούς 20Α,Κηφισιά,Τ.Κ: 14564",14564,,,,,,,NO,,,wefit,,,YES,1160,pilateskifissia,,,,,kleistou-xorou,pilates,23.8015308,38.0859795,
193,Athens Bushido Center (UAD member),Αθήνα,Κουκάκι,Πολεμικές τέχνες,Aikido,,,https://el-gr.facebook.com/Athens.Bushido.Center/,http://aikidobushidocenter.gr/,,,,,,,,,,NO,,,aikido.gr,,,YES,1192,Athens.Bushido.Center,,,,,polemikes-texnes,aikido,23.7240365,37.96495325,
194,4el,Αθήνα,Κουκάκι,Πολεμικές τέχνες,Kung Fu,,,www.facebook.com/4el.gr,4el.gr/,https://www.polemikes-tehnes.gr/pics/logos/b/201683123051634.jpg,,,, info@4el.gr,,,,,NO,,,polemikes-texnes.gr,,,YES,1194,4el.gr,,,,,polemikes-texnes,kung-fu,23.72114539,37.96207314,
195,Aiantas Fitness Club,Αθήνα,Κρυονέρι,Πολεμικές τέχνες,Aikido,,,https://www.facebook.com/aiantas2005,,1623658_738473372874052_7024636099182292725_n.jpg,"Λεωφόρος Κρυονερίου 53,Κρυονέρι,Τ.Κ:  14568",14568,,atzitioz@hotmail.com,,,,,NO,,,wefit,,,YES,1198,aiantas2005,,,,,polemikes-texnes,aikido,23.86950374,38.13764515,
196,GOLDEN GYM ΚΥΨΕΛΗ,Αθήνα,Κυψέλη,Κλειστού Χώρου,Γυμναστήριο,,,https://www.facebook.com/GymGolden,http://www.golden-gym.gr/Kypseli/,402975_381961838484264_438369505_n.jpg,"Κυψέλης 32, Κυψέλη, ΤΚ 11362",11362,,,,,,,NO,,,wefit,,,YES,1205,GymGolden,,,,,kleistou-xorou,gym,23.754372,38.0160395,
197,STREET DEFENCE CLUB,Αθήνα,Λαμπρινή,Πολεμικές τέχνες,Self-Defense,,,www.facebook.com/streetdefenceclub/,www.streetdefenceclub.com,https://www.polemikes-tehnes.gr/pics/logos/b/201681412194297.jpg,,,, streetdefenceclub@gmail.com,,,,,NO,,,polemikes-texnes.gr,,,YES,1224,streetdefenceclub,,,,,polemikes-texnes,self-defense,,,
198,Planet Blue Diving Center,Αθήνα,Λαύριο,Θάλασσα,Κατάδυση,,,https://www.facebook.com/planetbluedivingcenter?fref=ts,http://www.planetblue.gr/content/index.php?option=com_content&view=frontpage&Itemid=57,logo (23).png,"Πέρδικας 1,Λαύριο,Τ.Κ: 19500",19500,,info@planetblue.gr,,,,,NO,,,wefit,,,YES,1229,planetbluedivingcenter,,,,,water-sports,diving,24.05454355,37.7046604,
199,Body trainer,Αθήνα,Λυκόβρυση,Κλειστού Χώρου,Γυμναστήριο,,,https://www.facebook.com/BTSPEFKIS,,logo (37).jpg,"Λ. Αμαρουσίου 58, Λυκόβρυση, ΤΚ 141 23",14123,,c.basdekis@hotmail.com,,,,,NO,,,wefit,,,YES,1246,BTSPEFKIS,,,,,kleistou-xorou,gym,23.7816358,38.0628056,
200,WorkBox,Αθήνα,Λυκόβρυση,Κλειστού Χώρου,Cross Fit,,,https://www.facebook.com/workboxlikovrisi/timeline,http://workbox.gr/,workboxlogo.jpg,"Γρ. Λαμπράκη 34,Λυκόβρυση,Τ.Κ 14123",14123,,,,,,,NO,,,wefit,,,YES,1249,workboxlikovrisi,,,,,kleistou-xorou,crossfit,23.77278328,38.05775596,
201,AIKIDO KODOKAN ΛΥΚΟΒΡΥΣΗ,Αθήνα,Λυκόβρυση,Πολεμικές τέχνες,Aikido,,,www.facebook.com/aikidoarts.gr,www.aikidoarts.gr,https://www.polemikes-tehnes.gr/pics/logos/b/2015829102914389.jpg,,,, haakodokan@hotmail.com ,,,,,NO,,,polemikes-texnes.gr,,,YES,1250,aikidoarts.gr,,,,,polemikes-texnes,aikido,23.7908587,38.0731725,
202,Aikibuddha,Αθήνα,ΜΑΡΟΥΣΙ,Πολεμικές τέχνες,Aikido,,,https://el-gr.facebook.com/aikibuddha/,,,,,,,,,,,NO,,,aikido.gr,,,YES,1264,aikibuddha,,,,,polemikes-texnes,aikido,23.76887798,38.0383235,
203,Askitis Boxing-Kick Boxing Academy(Α.Ο. Διαγορας),Αθήνα,Μαρούσι,Πολεμικές τέχνες,Kick Boxing,,,https://www.facebook.com/askitisteam/timeline,,10357446_762334303804781_4181218550220552391_n.jpg,"Αλεξάνδρου Παπανάστασιου 16,Μαρούσι,Τ.Κ: 15126",15126,,asktisacademy@yahoo.gr,,,,,NO,,,wefit,,,YES,1273,askitisteam,,,,,polemikes-texnes,kickboxing,23.82397399,38.05626148,
204,Nick's athletic center,Αθήνα,Μαρούσι,Κλειστού Χώρου,Γυμναστήριο,,,https://www.facebook.com/nicksathleticcenter,http://www.nicks-athletic-center.gr/index.html,m12.jpg,"Οδ. Ανδρούτσου 10 (πλησιον ΗΣΑΠ),Μαρούσι,T.K. 15124",15124,,nicksathleticcenter@yahoo.gr,,,,,NO,,,wefit,,,YES,1276,nicksathleticcenter,,,,,kleistou-xorou,gym,,,
205,Sahaja Yoga,Αθήνα,Μαρούσι,Κλειστού Χώρου,YOGA,,,https://www.facebook.com/sahajayogahellas,http://www.sahajayoga.gr/en/,logo (4).png,"Βασιλίσσης Σοφίας 26-28,2ος όροφος,Μαρούσι,Τ.Κ: 15124",15124,,contact@sahajayoga.gr,,,,,NO,,,wefit,,,YES,1278,sahajayogahellas,,,,,kleistou-xorou,yoga,23.8083539,38.0536483,
206,ΑΘΛΗΤΙΚΟΣ ΟΜΙΛΟΣ ΤΡΙΤΩΝ ΑΜΑΡΟΥΣΙΟΥ ,Αθήνα,Μαρούσι,Αθλητισμός,Κολύμβηση,,,https://el-gr.facebook.com/a.otritonofficial/,http://www.tritonao.gr/p/homepage_5.html,,Διονύσου 122 & Μπραχαμίου,,(210) 6120111,,,,,,NO,,,omospondia,,,YES,1281,a.otritonofficial,,,,,athlitismos,kithara,,,
207,Life - Ergo Εργομετρικό Κέντρο,Αθήνα,Μαρούσι(ΠλησίονΗΣΑΠΕΙΡΗΝΗ),Ιατρικά,Γυμναστήριο,,,https://www.facebook.com/LifErgo?fref=ts,http://www.lifergo.gr/,life-ergo-logo.jpg,"Ο.Α.Κ.Α, Αμαρουσίου Αρτέμιδος,Μαρούσι (Πλησίον ΗΣΑΠ ΕΙΡΗΝΗ)",,,info@lifergo.gr,,,,,NO,,,wefit,,,YES,1283,LifErgo,,,,,medical,gym,23.78822841,38.04060997,
208,TEAM WOLF 31,Αθήνα,Μελίσσια,Πολεμικές τέχνες,Kick Boxing,,,https://www.facebook.com/pages/Team-wolf-31/975477785814457?pnref=story,http://www.teamwolf31.com/,10612636_594183890691001_8091035390260884407_n.jpg,"25ης Μαρτίου & Καλλέργη 27,Μελίσσια,Τ.Κ: 15127",15127,,,,,,,NO,,,wefit,,,YES,1294,975477785814457,,,,,polemikes-texnes,kickboxing,23.84158194,38.05467668,
209,ΑΘΛΗΤΙΚΟΣ ΟΜΙΛΟΣ ΠΕΝΤΕΛΙΚΟΥ,Αθήνα,Μελίσσια,Αθλητισμός,Κολύμβηση,,,https://el-gr.facebook.com/aopentelikou/,http://aopentelikou.gr/,,Υψηλάντου 7 & Α.Παναγούλη,,,aopentelikou@gmail.com,,,,,NO,,,omospondia,,,YES,1296,aopentelikou,,,,,athlitismos,kithara,,,
210,Social Arenas Melissia,Αθήνα,ΜΕΛΙΣΣΙΑ.Τ.Κ15127,Κλειστού Χώρου,Γυμναστήριο,,,https://www.facebook.com/JoeWeiderGyms,http://www.joegyms.gr/,sociall_logo_negative_preview (1).jpg,"Π.ΤΣΑΛΔΑΡΗ 24,ΜΕΛΙΣΣΙΑ.Τ.Κ 15127",,,,,,,,NO,,,wefit,,,YES,1297,JoeWeiderGyms,,,,,kleistou-xorou,gym,,,
211,SHIDOKAN SHIRASAGI DOJO ATHENS,Αθήνα,μετρόΠανόρμου,Πολεμικές τέχνες,Karate,,,www.facebook.com/KarateShidokanGreece/,www.shorinryu.gr/,https://www.polemikes-tehnes.gr/pics/logos/b/2017822132752879.png,,,, info@shorinryu.gr,,,,,NO,,,polemikes-texnes.gr,,,YES,1305,KarateShidokanGreece,,,,,polemikes-texnes,karate,23.762907,37.9958344,
212,Monastiraki Dojo,Αθήνα,Μοναστηράκι,Πολεμικές τέχνες,Aikido,,,https://el-gr.facebook.com/MonastirakiDojo/,http://www.monastirakidojo.com/,,"Protogenous 1, Athina 105 54, Greece",,697 211 2656,,,,,,NO,,,aikido.gr,,,YES,1315,MonastirakiDojo,,,,,polemikes-texnes,aikido,23.7261391,37.9767189,
213,AIKIDO DOJO TOKAIDO,Αθήνα,Μοναστηράκι,Πολεμικές τέχνες,Aikido,,,www.facebook.com/tokaidogr,www.tokaido.gr/,https://www.polemikes-tehnes.gr/pics/logos/b/201389161436679.jpg,,,, tokaidogr@gmail.com,,,,,NO,,,polemikes-texnes.gr,,,YES,1316,tokaidogr,,,,,polemikes-texnes,aikido,,,
214,ΜΟΝΑΣΤΗΡΑΚΙ DOJO,Αθήνα,Μοναστηράκι,Πολεμικές τέχνες,Aikido,,,www.facebook.com/MonastirakiDojo,www.monastirakidojo.com/,https://www.polemikes-tehnes.gr/pics/logos/b/2014818123725426.jpg,,,, yvasilakos@gmail.com,,,,,NO,,,polemikes-texnes.gr,,,YES,1318,MonastirakiDojo,,,,,polemikes-texnes,aikido,23.7261391,37.9767189,
215,Aikido zanshin dojo,Αθήνα,Ν. Ιωνια,Πολεμικές τέχνες,Aikido,,,https://el-gr.facebook.com/aikidozanshin.gr/,http://aikidozanshin.gr/,,"Paleologou 25, Nea Ionia 142 33, Greece",,,,,,,,NO,,,hunter.io,,,YES,1335,aikidozanshin.gr,,,,,polemikes-texnes,aikido,23.7580808,38.036413,
216,Martial Arts Foundation (AWA member),Αθήνα,Ν. ΨΥΧΙΚΟ,Πολεμικές τέχνες,Aikido,,,https://el-gr.facebook.com/MartialArtsFoundation/,http://www.ma-foundation.gr/,,,,,,,,,,NO,,,aikido.gr,,,YES,1342,MartialArtsFoundation,,,,,polemikes-texnes,aikido,23.79062424,38.00255312,
217,Α.Ο. SPARTACUS - ΝEA ΠΟΛΙΤΕΙΑ,Θεσσαλονίκη,Ν.Πολιτεία,Πολεμικές τέχνες,Tae Kwon Do,,,www.facebook.com/A.O.Spartacusneapolitia/,www.spartakusneapolitia.gr,https://www.polemikes-tehnes.gr/pics/logos/b/2017931204520498.jpg,,,, spartakusneapolitia@gmail.com,,,,,NO,,,polemikes-texnes.gr,,,YES,1350,A.O.Spartacusneapolitia,,,,,polemikes-texnes,tae-kwon-do,22.91509867,40.68145165,
218,ACE fitness,Αθήνα,Ν.Σμύρνη,Κλειστού Χώρου,Personal Trainer,,,https://www.facebook.com/EMSfitness.bymihabodytec/?fref=ts,http://www.miha-bodytec.com/en/,13584836_10209935001551201_5956137350455465570_o.jpg,"Ελ. Βενιζελου 181, Ν.Σμύρνη, 17123",17123,,,,,,,NO,,,wefit,,,YES,1352,EMSfitness.bymihabodytec,,,,,kleistou-xorou,personal-trainer,23.71161185,37.93527778,
219,Body & Soul,Αθήνα,Ν.Σμύρνη,Κλειστού Χώρου,Γυμναστήριο,,,https://www.facebook.com/bodyandsoulgym.gr,http://neasmyrni.topgreekgyms.gr/,logo (86).jpg,"Ομήρου 23, Ν.Σμύρνη, ΤΚ 17121",17121,,trigas_g@yahoo.gr,,,,,NO,,,wefit,,,YES,1353,bodyandsoulgym.gr,,,,,kleistou-xorou,gym,23.71005,37.94679,
220,Cross Training Club,Αθήνα,Ν.Σμύρνη,Κλειστού Χώρου,Cross Fit,,,https://www.facebook.com/crosstrainingclub?fref=ts,http://www.european-fitness.com/,logo (32).jpg,"Ελ. Βενιζέλου 95, Ν.Σμύρνη, ΤΚ 17123",17123,,dim.seloulis@gmail.com,,,,,NO,,,wefit,,,YES,1354,crosstrainingclub,,,,,kleistou-xorou,crossfit,23.71363232,37.94196113,
221,ΠΟΣΕΙΔΩΝ Α.Ο.  Ν.ΨΥΧΙΚΟΥ,Αθήνα,Ν.Ψυχικό,Αθλητισμός,Κολύμβηση,,,https://el-gr.facebook.com/PoseidonasNpsychikou/,https://posidonao.wordpress.com/,,Ρ.Φεραίου & Μπουμπουλινας,,(210) 6728930,,,,,,NO,,,omospondia,,,YES,1357,PoseidonasNpsychikou,,,,,athlitismos,kithara,,,
222,Healthcure,Αθήνα,ΝεαEρυθραία,Κλειστού Χώρου,Γυμναστήριο,,,https://www.facebook.com/healthcure.gr,http://healthcure.gr/,logo (1).jpg,"Αναξαγόρα 13, Νεα Eρυθραία, TK 14671",14671,,info@healthcure.gr,,,,,NO,,,wefit,,,YES,1379,healthcure.gr,,,,,kleistou-xorou,gym,23.81928,38.09046,
223,Social Arenas Nea Erythraia,Αθήνα,ΝΕΑΕΡΥΘΡΑΙΑ,Κλειστού Χώρου,Γυμναστήριο,,,https://www.facebook.com/JoeWeiderGyms,http://www.joegyms.gr/,sociall_logo_negative_preview (6).jpg,"ΕΛ.ΒΕΝΙΖΕΛΟΥ 169,ΝΕΑ ΕΡΥΘΡΑΙΑ,Τ.Κ 14671",14671,,,,,,,NO,,,wefit,,,YES,1380,JoeWeiderGyms,,,,,kleistou-xorou,gym,,,
224,Golden Gym Νέα ιωνία,Αθήνα,ΝέαΙωνία,Κλειστού Χώρου,Γυμναστήριο,,,https://www.facebook.com/GymGolden?fref=ts,http://www.golden-gym.gr/neaionia/,402975_381961838484264_438369505_n (2).jpg,"Εργασίας 15, Νέα Ιωνία, ΤΚ 14234",14234,,info@golden-gym.gr,,,,,NO,,,wefit,,,YES,1381,GymGolden,,,,,kleistou-xorou,gym,23.754372,38.0160395,
225,Social Arenas,Αθήνα,ΝΕΑΜΑΚΡΗ,Κλειστού Χώρου,Γυμναστήριο,,,https://www.facebook.com/JoeWeiderGyms,http://www.joegyms.gr/,sociall_logo_negative_preview (7).jpg,"ΛΙΒΙΣΙΟΥ 62,ΝΕΑ ΜΑΚΡΗ,Τ.Κ.19005",19005,,,,,,,NO,,,wefit,,,YES,1388,JoeWeiderGyms,,,,,kleistou-xorou,gym,,,
226,MVS Tennis Systems,Αθήνα,ΝέαΜάκρη,Αθλητισμός,TENNIS,,,https://www.facebook.com/MvsTennisSystems?fref=ts,http://www.mvstennissystems.com/el/,1468495_557034757705320_197911770_n.jpg,"Αγίου Αντωνίου,Νέα Μάκρη,Τ.Κ: 19007",19007,,info@mvstennis.gr,,,,,NO,,,wefit,,,YES,1390,MvsTennisSystems,,,,,athlitismos,tennis,23.9755096,38.1041603,
227,TAI CHI CHUAN ΝΕΑΣ ΣΜΥΡΝΗΣ,Αθήνα,ΝέαΣμύρνη,Πολεμικές τέχνες,Kung Fu,,,www.facebook.com/TaiChiChuanNSmyrnis,www.taichi.gr/index.php,https://www.polemikes-tehnes.gr/pics/logos/b/2013913165615296.JPG,,,, lydiatilli@hotmail.com,,,,,NO,,,polemikes-texnes.gr,,,YES,1403,TaiChiChuanNSmyrnis,,,,,polemikes-texnes,kung-fu,23.70867483,37.94915398,
228,PMA Hellas,Αθήνα,ΝέαΦιλαδέλφεια,Αθλητισμός,Ξιφασκία,,,https://www.facebook.com/pmahellas?fref=ts,http://www.pmahellas.com/,pma-hellas-square-canvas.jpg,"Αλεξάνδρου Παπαναστασίου 4,Νέα Φιλαδέλφεια,Τ.Κ 14341",14341,,info@pmahellas.com,,,,,NO,,,wefit,,,YES,1406,pmahellas,,,,,athlitismos,fencing,23.74168827,38.03406294,
229,Wu Yongchunquan Academy-Foshan WingChun,Αθήνα,ΝέαΦιλαδέλφεια,Πολεμικές τέχνες,Kung Fu,,,www.facebook.com/wuyongchunquan/timeline,wushu4u.com/,https://www.polemikes-tehnes.gr/pics/logos/b/20179209243939.jpg,,,, ,,,,,NO,,,polemikes-texnes.gr,,,YES,1408,wuyongchunquan,,,,,polemikes-texnes,kung-fu,23.7370377,38.0417442,
230,ΑΚΑΔΗΜΙΑ ΕΞΕΛΙΓΜΕΝΩΝ ΜΑΧΗΤΙΚΩΝ ΤΕΧΝΩΝ,Αθήνα,ΝέαΦιλαδέλφεια,Πολεμικές τέχνες,MMA,,,www.facebook.com/pmahellas,pmahellas.com/,https://www.polemikes-tehnes.gr/pics/logos/b/2014112419159216.jpg,,,, info@pmahellas.com,,,,,NO,,,polemikes-texnes.gr,,,YES,1409,pmahellas,,,,,polemikes-texnes,mma,23.74168827,38.03406294,
231,Α.Ο. ΜΠΑΛΙΟΣ,Αθήνα,ΝέοΗράκλειο,Πολεμικές τέχνες,Boxing,,,https://www.facebook.com/BaliosTeam,http://www.balios.gr/,balios_logo_clean.png,"Σελήνης 25,Νέο Ηράκλειο,Τ.Κ: 14572",14572,,info@balios.gr,,,,,NO,,,wefit,,,YES,1417,BaliosTeam,,,,,polemikes-texnes,boxing,23.76416574,38.04186328,
232,KENWAKAI AIKIDO DOJO,Αθήνα,ΝέοΗράκλειο,Πολεμικές τέχνες,Aikido,,,www.facebook.com/aikidokenwakai,www.aikidokenwakai.gr,https://www.polemikes-tehnes.gr/pics/logos/b/2018025233355687.jpg,,,, di.nikolopoulos@gmail.com,,,,,NO,,,polemikes-texnes.gr,,,YES,1420,aikidokenwakai,,,,,polemikes-texnes,aikido,23.7660647,38.0506232,
233,Α.Σ. ΤΑΪ ΤΣΙ ΤΣΟΥΑΝ ΑΘΗΝΑΣ,Αθήνα,ΝέοΗράκλειο,Πολεμικές τέχνες,Kung Fu,,,www.facebook.com/TaiChiChuanAthens,taichiathens.gr,https://www.polemikes-tehnes.gr/pics/logos/b/2015822124613338.jpg,,,, taichiathens@gmail.com,,,,,NO,,,polemikes-texnes.gr,,,YES,1421,TaiChiChuanAthens,,,,,polemikes-texnes,kung-fu,,,
234,ileana's pilates house,Αθήνα,ΝέοΗράκλειοΑττικής,Κλειστού Χώρου,Pilates,,,https://www.facebook.com/ileanaspilateshouse?fref=ts,http://www.ileanaspilates.gr/,10676306_282559718604804_2339323589415077425_n.jpg,"Πράσινου Λόφου και Μπιζανίου 44,Νέο Ηράκλειο Αττικής,Τ.Κ 14122",14122,,info@ileanaspilates.gr,,,,,NO,,,wefit,,,YES,1422,ileanaspilateshouse,,,,,kleistou-xorou,pilates,23.77311735,38.05228884,
235,Α.Σ ΠΟΛΕΜΙΚΩΝ ΤΕΧΝΩΝ ΠΡΩΤΑΘΛΗΤΕΣ,Αθήνα,ΝέοςΚόσμος,Πολεμικές τέχνες,Tae Kwon Do,,,www.facebook.com/asProtathlitesLagosTeam,,https://www.polemikes-tehnes.gr/pics/logos/b/2015830154045722.jpg,,,, lagosbill@windowslive.com,,,,,NO,,,polemikes-texnes.gr,,,YES,1424,asProtathlitesLagosTeam,,,,,polemikes-texnes,tae-kwon-do,,,
236,Fitness Lab,Αθήνα,ΝέοΨυχικό,Κλειστού Χώρου,Cross Fit,,,https://www.facebook.com/fitnesslab.gr?fref=ts,http://fitnesslab.gr/site2/,,"Λαζάρου Σώχου 5,Νέο Ψυχικό,Τ.Κ. 11525",11525,,info@fitnesslab.gr,,,,,NO,,,wefit,,,YES,1429,fitnesslab.gr,,,,,kleistou-xorou,crossfit,23.74164,37.962,
237,Flow center,Αθήνα,ΝέοΨυχικό,Κλειστού Χώρου,Yoga,YOGA,,https://www.facebook.com/pages/FLOW-CENTER/151832569365?sk=timeline,http://www.flowcenter.gr/index.php?contentid=46,logo (18).jpg,"Αγγ.Σικελιανού 2, Νέο Ψυχικό, ΤΚ 11525",11525,,info@flowcenter.gr,,,,,NO,,,wefit,,,YES,1430,151832569365,,,,,kleistou-xorou,yoga,19.05128316,47.51112152,
238,MARTIAL ARTS FOUNDATION,Αθήνα,ΝέοΨυχικό,Πολεμικές τέχνες,Aikido,,,www.facebook.com/MartialArtsFoundation,www.ma-foundation.gr/el,https://www.polemikes-tehnes.gr/pics/logos/b/2014818135637986.jpg,,,, hfoundationma@gmail.com,,,,,NO,,,polemikes-texnes.gr,,,YES,1433,MartialArtsFoundation,,,,,polemikes-texnes,aikido,23.79062424,38.00255312,
239,Psilopatis Camp,Αθήνα,Νίκαια,Πολεμικές τέχνες,Muay Thai,,,https://www.facebook.com/PsilopatisSpartansAcademy?fref=ts,http://www.muaythaicamp.gr/,logo (7).jpg,"Κίμωνος 1 & Αχιλλέως, Νίκαια, ΤΚ 18454",18454,,spartiatiki_akadimia@hotmail.com,,,,,NO,,,wefit,,,YES,1447,PsilopatisSpartansAcademy,,,,,polemikes-texnes,muay-thai,,,
240,OAKA Indoor Climbing,Αθήνα,ΟΑΚΑΜέσαστοκλειστόκολυμβητήριο,Κλειστού Χώρου,Climbing,,,https://www.facebook.com/OakaIndoorClimbing/timeline,http://www.oakaindoorclimbing.gr/,logo (34).jpg,"Σπύρου Λούη 37, ΟΑΚΑ Μέσα στο κλειστό κολυμβητήριο,T.K 15124",15124,,info@oakaindoorclimbing.gr,,,,,NO,,,wefit,,,YES,1456,OakaIndoorClimbing,,,,,kleistou-xorou,climbing,23.7870007,38.0349884,
241,Dynamo Club,Αθήνα,Π.Φαληρο,Κλειστού Χώρου,Γυμναστήριο,,,https://www.facebook.com/dynamoclubfaliro/timeline,http://dynamo-kettlebells.com/,logo (74).jpg,"Πανδρόσου 59, Π. Φαληρο, ΤΚ 17563",17563,,info@dynamo-kettlebells.com,,,,,NO,,,wefit,,,YES,1469,dynamoclubfaliro,,,,,kleistou-xorou,gym,23.70763,37.9324299,
242,Golden Peak Fitness,Αθήνα,Π.Φάληρο,Κλειστού Χώρου,Γυμναστήριο,,,https://www.facebook.com/PeakFitnessHall?fref=ts,http://www.peakfitness.gr/,logo (20).jpg,"Ζησιμοπούλου 68, Π.Φάληρο, ΤΚ 17564",17564,,peakfitnesshall@gmail.com,,,,,NO,,,wefit,,,YES,1473,PeakFitnessHall,,,,,kleistou-xorou,gym,23.69892092,37.93524031,
243,Heartbeat Training Studio,Αθήνα,Π.Φάληρο,Κλειστού Χώρου,Γυμναστήριο,,,https://www.facebook.com/heartbeattrainingstudio?fref=ts,http://www.heartbeat-athens.gr/,10169448_459571024189573_7740639371759656581_n.jpg,"Λ. Αμφιθέας 103 , Π.Φάληρο , ΤΚ 17564",17564,,heartbeat.athens@gmail.com,,,,,NO,,,wefit,,,YES,1474,heartbeattrainingstudio,,,,,kleistou-xorou,gym,23.70317,37.92946,
244,Livestrong,Αθήνα,Π.Φάληρο,Κλειστού Χώρου,PILATES,,,https://www.facebook.com/livestrongthegym?ref=br_rs,http://www.livestrongthegym.gr/#/HOME-01-00/,νέα-εικόνα (1).jpg,"Άρεως 18, Π.Φάληρο, ΤΚ 17562",17562,,info@livestrongthegym.gr,,,,,NO,,,wefit,,,YES,1475,livestrongthegym,,,,,kleistou-xorou,pilates,23.69868,37.9234,
245,Physical Gym,Αθήνα,Π.Φάληρο,Κλειστού Χώρου,Γυμναστήριο,,,https://www.facebook.com/PHY24,http://www.physicalgym.gr/,logo (33).jpg,"Λ. Αμφιθέας 23 , Π.Φάληρο, ΤΚ 17564",17564,,info@physicalgym.gr,,,,,NO,,,wefit,,,YES,1476,PHY24,,,,,kleistou-xorou,gym,23.7277305,37.9855723,
246,WhiteBox CrossFit,Αθήνα,Π.Φάληρο,Κλειστού Χώρου,Cross Fit,,,https://www.facebook.com/WhiteBoxCrossfit?ref=ts&fref=ts,http://whiteboxcrossfit.gr/,logo (52).jpg,"Λ. Αμφιθέας 61 , Π.Φάληρο , ΤΚ 17564",17564,,whiteboxcrossfit61@gmail.com,,,,,NO,,,wefit,,,YES,1478,WhiteBoxCrossfit,,,,,kleistou-xorou,crossfit,23.70139475,37.93632515,
247,Υγεία και Διάπλαση Gym,Αθήνα,Π.Φάληρο,Κλειστού Χώρου,Γυμναστήριο,,,https://www.facebook.com/diaplasigym.gr,,66644_533347310021854_1449494813_n.jpg,"Μάρκου Μπότσαρη 26-28, Π. Φάληρο, ΤΚ 17563",17563,,diaplasi@hotmail.com,,,,,NO,,,wefit,,,YES,1479,diaplasigym.gr,,,,,kleistou-xorou,gym,23.71046569,37.93070296,
248,Flamingo Fitness Club,Αθήνα,Παγκράτι,Κλειστού Χώρου,Γυμναστήριο,,,http://www.facebook.com/flamingogymathens,http://flamingofitness.gr/,flamingo_logo1.png,"Αντήνορος 31, Παγκράτι, ΤΚ 11634",11634,,valba@otenet.gr,,,,,NO,,,wefit,,,YES,1485,flamingogymathens,,,,,kleistou-xorou,gym,23.7500942,37.9737044,
249,ΑΕ ΜΕΣΟΓΕΙΩΝ ΑΜΕΙΝΙΑΣ ΠΑΛΗΝΕΥΣ,Αθήνα,ΠΑΛΛΗΝΗ,Αθλητισμός,Στίβος,,,https://el-gr.facebook.com/aemameinias/,,,Τ.Θ 67457,15302,210 6004291,,,,,,NO,,,omospondia,,,YES,1497,aemameinias,,,,,athlitismos,stivos,23.8721991,38.0050833,
250,Social Arenas Pireas,Αθήνα,ΠΕΙΡΑΙΑΣ,Κλειστού Χώρου,Γυμναστήριο,,,https://www.facebook.com/JoeWeiderGyms,http://www.joegyms.gr/,sociall_logo_negative_preview (2).jpg,"ΓΡ.ΛΑΜΠΡΑΚΗ 87,ΠΕΙΡΑΙΑΣ,Τ.Κ. 18534",18534,,,,,,,NO,,,wefit,,,YES,1524,JoeWeiderGyms,,,,,kleistou-xorou,gym,,,
251,Attica Beach Volley,Αθήνα,Πειραιάς,Αθλητισμός,Volley,,,https://www.facebook.com/AtticaBeachVolleyClub,http://www.atticabeachvolley.com/,538483_313639825371046_2006619110_n.jpg,"Σ.Ε.Φ.(Ολυμπιακό Προπονητήριο Beach Volley),Πειραιάς,Τ.Κ. 18547",18547,,info@atticabeachvolley.gr,,,,,NO,,,wefit,,,YES,1540,AtticaBeachVolleyClub,,,,,athlitismos,volley,,,
252,CrossFit Piraeus,Αθήνα,Πειραιάς,Κλειστού Χώρου,Cross Fit,,,https://www.facebook.com/crossfitpiraeus?fref=ts,http://www.crossfitpiraeus.com/gym/,logo (36).jpg,"Παπαστράτου 60 & Θερμοπυλών, Πειραιάς, ΤΚ 18545",18545,,team@boxpiraeus.gr,,,,,NO,,,wefit,,,YES,1541,crossfitpiraeus,,,,,kleistou-xorou,crossfit,23.63618979,37.95217486,
253,Mediterranean Dive Center,Αθήνα,Πειραιάς,Θάλασσα,Κατάδυση,,,https://www.facebook.com/MediteranneanDiveCenter/timeline,http://www.pozidis.gr/,10734002_761801870573001_5355553794265906313_n.jpg,"Αλεξάνδρου Παπαναστασίου 95(πρωην Β.Παύλου),Πειραιάς,Τ.Κ: 18533",18533,,info@pozidis.gr,,,,,NO,,,wefit,,,YES,1544,MediteranneanDiveCenter,,,,,water-sports,diving,23.66018414,37.94013617,
254,COLOSSEUM FIGHTING ARENA ΠΕΙΡΑΙΑΣ,Αθήνα,Πειραιάς,Πολεμικές τέχνες,MMA,,,www.facebook.com/piraeuscolosseum.arena/timeline,,https://www.polemikes-tehnes.gr/pics/logos/b/2015814134455842.jpg,,,, stavrosstof@gmail.com,,,,,NO,,,polemikes-texnes.gr,,,YES,1547,piraeuscolosseum.arena,,,,,polemikes-texnes,mma,23.6472301,37.9428596,
255,ΚΑΡΑΤΕ ΠΕΙΡΑΙΑΣ,Αθήνα,Πειραιάς,Πολεμικές τέχνες,Karate,,,www.facebook.com/karatepeiraias/,www.karatepeiraias.gr,https://www.polemikes-tehnes.gr/pics/logos/b/2017723122513948.jpg,,,, info@karatepeiraias.gr,,,,,NO,,,polemikes-texnes.gr,,,YES,1548,karatepeiraias,,,,,polemikes-texnes,karate,23.6481514,37.9445343,
256,ΠΟΛΙΤΙΣΤΙΚΟ ΚΕΝΤΡΟ INTERCHINA ΠΕΙΡΑΙΑ,Αθήνα,Πειραιάς,Πολεμικές τέχνες,Kung Fu,,,www.facebook.com/PiraeusEagleClaw/ ,www.eagleclaw.gr,https://www.polemikes-tehnes.gr/pics/logos/b/201781213925851.jpg,,,, ianastasiou@biol.uoa.gr ,,,,,NO,,,polemikes-texnes.gr,,,YES,1549,PiraeusEagleClaw,,,,,polemikes-texnes,kung-fu,23.65133286,37.94462054,
257,Slice Fitness Hall,Αθήνα,Πειραϊκή,Κλειστού Χώρου,Γυμναστήριο,,,https://www.facebook.com/SliceGym,http://www.slicegym.gr/,logo (63).jpg,"Ακτή Θεμιστοκλέους 74, Πειραϊκή, ΤΚ 18537",18537,,info@slicegym.gr,,,,,NO,,,wefit,,,YES,1554,SliceGym,,,,,kleistou-xorou,gym,23.64422071,37.92912454,
258,Dojo Club Peristeri,Αθήνα,Περιστέρι,Πολεμικές τέχνες,Judo,,,https://www.facebook.com/peristeridojoclub,http://dojoclub.gr/find/,cropped-dojo-club-copy-300x75.jpg,"Αγ.Βασιλείου 196, Περιστέρι, T.K 12137",12137,,dojoclubgr@gmail.com,,,,,NO,,,wefit,,,YES,1586,peristeridojoclub,,,,,polemikes-texnes,judi,23.67453,38.0227928,
259,Smiles,Αθήνα,Περιστέρι,Κλειστού Χώρου,Γυμναστήριο,,,https://www.facebook.com/smilestudios,http://www.smilestudios.gr/,418672_332680826826045_571104125_n.jpg,"Μεσολογγίου 54, Περιστέρι, Τ.Κ 12134",12134,,smilestudios@smilestudios.gr,,,,,NO,,,wefit,,,YES,1590,smilestudios,,,,,kleistou-xorou,gym,23.6910673,38.0134953,
260,SOCIAL ARENAS,Αθήνα,Περιστέρι,Κλειστού Χώρου,Γυμναστήριο,,,https://www.facebook.com/JoeWeiderGyms?fref=ts,http://www.joegyms.gr/,sociall_logo_negative_preview (4).jpg,"Σεβαστείας και Ιθώμης,Περιστέρι,Τ.Κ 12134",12134,,,,,,,NO,,,wefit,,,YES,1591,JoeWeiderGyms,,,,,kleistou-xorou,gym,,,
261,Α.Σ ΑΤΛΑΝΤΕΣ ΠΕΡΙΣΤΕΡΙΟΥ,Αθήνα,Περιστέρι,Πολεμικές τέχνες,Tae Kwon Do,,,https://www.facebook.com/AsAtlantasPeristeriou,http://www.as-atlantas.gr/,atlanta_logo.jpg,"Κωνσταντινουπόλεως 87 & Αρκαδίου 89, Περιστέρι, Τ.Κ 13134",13134,,atlas_peristeriou@yahoo.gr,,,,,NO,,,wefit,,,YES,1592,AsAtlantasPeristeriou,,,,,polemikes-texnes,tae-kwon-do,,,
262,"Παραδοσιακό Σαολίν & Τάι Τσι ""Shaolin Temple Greece-Peristeri""",Αθήνα,Περιστέρι,Πολεμικές τέχνες,Tai Chi,,,https://www.facebook.com/shaolinperisteri,http://www.shaolin.com.gr/,img_20170626_131003.jpg,"Αγίου Πέτρου 25,Περιστέρι,Τ.Κ: 12135",12135,,alexop_n@yahoo.gr,,,,,NO,,,wefit,,,YES,1594,shaolinperisteri,,,,,polemikes-texnes,taichi,,,
263,KRAV MAGA PAPAVLACHOPOULOS IOANNIS,Αθήνα,Περιστέρι,Πολεμικές τέχνες,Krav Maga,,,m.facebook.com/KravMagaHellasFederationHkmf/,kravmagahellas.com,https://www.polemikes-tehnes.gr/pics/logos/b/2017822142542436.jpg,,,, papavlachopoulos@kravmagahellas.com,,,,,NO,,,polemikes-texnes.gr,,,YES,1595,KravMagaHellasFederationHkmf,,,,,polemikes-texnes,krav-manga,24.609375,39.36827915,
264,SHITOKAI GREECE,Αθήνα,Περιστέρι,Πολεμικές τέχνες,Karate,,,www.facebook.com/shitoryuyoshukandojo?fref=ts,shitoryugreece.com,https://www.polemikes-tehnes.gr/pics/logos/b/2018015125715591.jpg,,,, shitoryugreece@gmail.com ,,,,,NO,,,polemikes-texnes.gr,,,YES,1597,shitoryuyoshukandojo,,,,,polemikes-texnes,karate,23.69669,38.00391,
265,Masagatsu Dojo,Αθήνα,ΠΕΤΡΟΥΠΟΛΗ,Πολεμικές τέχνες,Aikido,,,https://el-gr.facebook.com/Masagatsudojo/,,,,,,,,,,,NO,,,aikido.gr,,,YES,1604,Masagatsudojo,,,,,polemikes-texnes,aikido,23.6833,38.05,
266,ZEN CENTER ATHENS,Αθήνα,ΠλατείαΑγ.Ειρήνης,Πολεμικές τέχνες,Aikido,,,www.facebook.com/zencenterathens,http://www.zencenterathens.com,https://www.polemikes-tehnes.gr/pics/logos/b/2014818193149708.jpg,,,, info@zencenterathens.gr,,,,,NO,,,polemikes-texnes.gr,,,YES,1620,zencenterathens,,,,,polemikes-texnes,aikido,23.72831,37.97752,
267,The Pilates Lab,Αθήνα,ΠλατείαΜαβίληΑθήνα,Κλειστού Χώρου,PILATES,,,https://www.facebook.com/www.pilateslab.eu?fref=ts,http://www.thepilateslab.gr/,10931417_333378336867605_489522190817445034_n.jpg,"Ξενίας 1,Πλατεία Μαβίλη Αθήνα,Τ.Κ 11527",11527,,thepilateslab@gmail.com,,,,,NO,,,wefit,,,YES,1621,www.pilateslab.eu,,,,,kleistou-xorou,pilates,23.75764,37.98277,
268,Α.Σ. ΑΤΡΑΠΟΣ,Αθήνα,ΠολύδροσοΧαλανδρίου,Πολεμικές τέχνες,Tae Kwon Do,,,https://www.facebook.com/atraposhellas?fref=ts,http://www.atraposhalandri.gr/,logo (25).jpg,"Κων. Βάρναλη 52, Πολύδροσο Χαλανδρίου, TK 15233",15233,,,,,,,NO,,,wefit,,,YES,1636,atraposhellas,,,,,polemikes-texnes,tae-kwon-do,23.8016556,38.0292769,
269,Tokaido Dojo,Αθήνα,Ραφήνα,Πολεμικές τέχνες,Aikido,,,https://el-gr.facebook.com/tokaidogr/,http://www.tokaido.gr/,,,,,,,,,,NO,,,aikido.gr,,,YES,1654,tokaidogr,,,,,polemikes-texnes,aikido,,,
270,Yoga Balance & Pilates Shala,Αθήνα,Ταμπούρια,Κλειστού Χώρου,YOGA,,,https://www.facebook.com/yogabalancepilates?fref=ts,http://www.yogabalance.gr/,ae7125637fe9e73285137f238bfd2f69.jpg,"Χορμοβίτου 87, Ταμπούρια, TK 18545",18545,,katevaf@hotmail.com,,,,,NO,,,wefit,,,YES,1714,yogabalancepilates,,,,,kleistou-xorou,yoga,23.63893669,37.95793285,
271,Bodyfit,Αθήνα,Ταύρος,Κλειστού Χώρου,Γυμναστήριο,,,https://www.facebook.com/bodyfitgym.tavros?fref=ts,http://www.bodyfitgym.gr/index.html,screen-shot-2014-11-27-at-25201-pm.jpg,"25ης Μαρτίου 2,Ταύρος,Τ.Κ.17778",17778,,info@bodyfitgym.gr,,,,,NO,,,wefit,,,YES,1716,bodyfitgym.tavros,,,,,kleistou-xorou,gym,23.70006323,37.9632489,
272,The Concept Group Fitness Terminal,Αθήνα,Ταύρος,Κλειστού Χώρου,Capoeira,,,https://www.facebook.com/theConcept.tavrou,http://tctavros.gr/,10481659_270741016451542_5045148175655360785_o.jpg,"Κορυζή 28, Ταύρος, ΤΚ 17778",17778,,info@tctavros.gr,,,,,NO,,,wefit,,,YES,1717,theConcept.tavrou,,,,,kleistou-xorou,capoeira,23.69940877,37.9649089,
273,HOT YOGA,Αθήνα,ΦάροςΨυχικού,Κλειστού Χώρου,Yoga,,,https://www.facebook.com/HOTYOGAATHENS?fref=ts,http://www.hot-yoga.gr/,psyhiko7.jpg,"Ολυμπιονικών 220 & Λυκούργου, Φάρος Ψυχικού, Τ.Κ. 15451",15451,,hotyogaathens3@gmail.com,,,,,NO,,,wefit,,,YES,1734,HOTYOGAATHENS,,,,,kleistou-xorou,yoga,23.7751418,38.0037844,
274,ΑΟ ΦΙΛΟΘΕΗΣ,Αθήνα,ΦΙΛΟΘΕΗ,Αθλητισμός,Στίβος,,,https://el-gr.facebook.com/aof1956/,http://filothei.org/filothei/,,ΠΛΑΤΕΙΑ ΚΑΛΛΙΓΑ 77,15237,210 6819118,,,,,,NO,,,omospondia,,,YES,1738,aof1956,,,,,athlitismos,stivos,23.7806969,38.0274277,
275,Α.Ξ.Ι.Α ΑΚΑΔΗΜΙΑ ΞΙΦΑΣΚΙΑΣ,Αθήνα,Χαϊδάρι,Αθλητισμός,Ξιφασκία,,,https://www.facebook.com/axiafencing?ref=stream&fref=nf,http://www.axiafencing.gr/,logo1.png,"Αϊδινίου 21, Χαϊδάρι, Τ.Κ 12462",12462,,axia.fencing@gmail.com,,,,,NO,,,wefit,,,YES,1752,axiafencing,,,,,athlitismos,fencing,,,
276,Α.Σ. Οι Νικητές,Αθήνα,Χαϊδάρι,Πολεμικές τέχνες,Kick Boxing,,,https://www.facebook.com/inikites,,524691_386375878161496_1198257669_n.png,"Ιθακής 5,Χαϊδάρι,Τ.Κ: 12461",12461,,,,,,,NO,,,wefit,,,YES,1753,inikites,,,,,polemikes-texnes,kickboxing,,,
277,ΑΟ ΚΑΛΛΙΣΤΟΣ,Αθήνα,ΧΑΛΑΝΔΡΙ,Αθλητισμός,Στίβος,,,https://el-gr.facebook.com/kallistosgr,http://kallistos-oaka.gr/,,ΥΑΚΙΝΘΩΝ 1,15233,6944223788,,,,,,NO,,,omospondia,,,YES,1757,kallistosgr,,,,,athlitismos,stivos,23.78814697,38.04063877,
278,Ashtanga Yoga Halandri,Αθήνα,Χαλάνδρι,Πολεμικές τέχνες,Yoga,,,https://www.facebook.com/ashtangayoga.halandri?fref=ts,http://katerinazougrou.wix.com/ashtangayogahalandri,logo-square.jpg,"Μεταμορφώσεως 51, Χαλάνδρι,T.K 15234,",15234,,,,,,,NO,,,wefit,,,YES,1764,ashtangayoga.halandri,,,,,polemikes-texnes,yoga,23.82309099,38.02564648,
279,Axion fitness club,Αθήνα,Χαλάνδρι,Κλειστού Χώρου,Γυμναστήριο,,,https://www.facebook.com/axionfitnessclub,http://axiongym.gr/,logo (22).jpg,"Δουκίσσης Πλακεντίας 8, Χαλάνδρι, TK 15234",15234,,info@axiongym.gr,,,,,NO,,,wefit,,,YES,1765,axionfitnessclub,,,,,kleistou-xorou,gym,23.80902529,38.01913944,
280,Kitesurf in Athens,Αθήνα,Χαλάνδρι,Θάλασσα,Kitesurf,,,https://www.facebook.com/KitesurfInAthens,http://www.kitesurfinathens.gr/,1477905_516932755070635_301532375_n.png,"Πλάτωνος 7,Χαλάνδρι,Τ.Κ:15234",:15234,,kitesurfinathens@gmail.com,,,,,NO,,,wefit,,,YES,1766,KitesurfInAthens,,,,,water-sports,kitesurf,23.7763834,38.0454027,
281,Promachos Boxing Club,Αθήνα,Χαλάνδρι,Πολεμικές τέχνες,Boxing,,,https://www.facebook.com/promachosboxing/timeline,,10440704_570597886382192_6089963277984118493_n.png,"Κώστα Βάρναλη 27,Χαλάνδρι,Τ.Κ: 15233",15233,,mountakis.p@gmail.com,,,,,NO,,,wefit,,,YES,1767,promachosboxing,,,,,polemikes-texnes,boxing,23.79983,38.02661,
282,ΑΘΛΟΚΙΝΗΣΗ Χαλανδρίου,Αθήνα,Χαλάνδρι,Αθλητισμός,Ενόργανη-Ρυθμική,ΡΥΘΜΙΚΗ - ΕΝΟΡΓΑΝΗ,,https://www.facebook.com/pages/Athlokinisi/441081002638727?fref=ts,http://www.athlokinisi.com.gr/,logo (24).png,"Λεωφόρος Πεντέλης 150, Χαλάνδρι,T.K15233",15233,,athlokinisi@hotmail.com,,,,,NO,,,wefit,,,YES,1772,441081002638727,,,,,athlitismos,gymnastics-rithmiki,22.8620655,40.4658706,
283,Α.Σ. ΑΤΡΑΠΟΣ XAΛΑΝΔΡΙΟΥ,Αθήνα,Χαλάνδρι,Πολεμικές τέχνες,Tae Kwon Do,,,www.facebook.com/atraposhellas?fref=ts,www.atraposhellas.gr/,https://www.polemikes-tehnes.gr/pics/logos/b/55.jpg,,,, webmaster@atraposhellas.gr,,,,,NO,,,polemikes-texnes.gr,,,YES,1773,atraposhellas,,,,,polemikes-texnes,tae-kwon-do,23.8016556,38.0292769,
284,ΝΑΥΤΙΛΟΣ ΑΘΛΗΤΙΚΟΣ ΣΥΛΛΟΓΟΣ ΑΤΤΙΚΗΣ,Αθήνα,Χαλάνδρι,Αθλητισμός,Κολύμβηση,,,https://el-gr.facebook.com/nautilosswimmingteam/,,,Ηρώδου Αττικού 4   ,,(22950)   23557, giwrgos.mousouris@gmail.com  ,,,,,NO,,,omospondia,,,YES,1774,nautilosswimmingteam,,,,,athlitismos,kithara,23.7827611,38.0385939,
285,Physiopolis,Αθήνα,Χαλάνδρι(ΜΕΤΡΟΑγ.Παρασκευής),Κλειστού Χώρου,Γυμναστήριο,,,https://www.facebook.com/Physiopolis.official?fref=ts,http://www.wefit.gr/fitness-places/physiopolis/www.physiopolis.gr,logo_physiopolis.png,"Παπαναστασίου 3,Χαλάνδρι (ΜΕΤΡΟ Αγ. Παρασκευής),Τ.Κ  152 34",15234,,info@physiopolis.gr,,,,,NO,,,wefit,,,YES,1777,Physiopolis.official,,,,,kleistou-xorou,gym,23.8105756,38.01802797,
286,Go-Go Gym,Αθήνα,ΧΟΛΑΡΓΟΣ,Κλειστού Χώρου,Γυμναστήριο,,,https://www.facebook.com/gogo.gym?fref=ts,http://www.gogogym.gr/,logo (1).png,"Φανερωμένης 13,Χολαργος,Τ.Κ: 15561",15561,,gym@gogogym.gr,,,,,NO,,,wefit,,,YES,1796,gogo.gym,,,,,kleistou-xorou,gym,23.7978032,38.0034561,
287,Α.Σ. ΒΟΡΕΙΟΣ ΑΕΤΟΣ,Αθήνα,Χολαργός,Πολεμικές τέχνες,Kung Fu,,,https://www.facebook.com/BoreiosAetos,http://www.kungfugreece.blogspot.gr/,north-eagle-logo_web.jpg,"Λεωφόρος Μεσογείων 269,Χολαργός,Τ.Κ: 15231",15231,,gdivanity@gmail.com,,,,,NO,,,wefit,,,YES,1803,BoreiosAetos,,,,,polemikes-texnes,kung-fu,23.79291511,38.00358132,
288,ΔΗΜΟΤΙΚΟ ΓΥΜΝΑΣΤΗΡΙΟ ΧΟΛΑΡΓΟΥ,Αθήνα,Χολαργός,Κλειστού Χώρου,Tae Kwon Do,,,https://www.facebook.com/dopappapagouxolargou,http://www.dopap.gr/,dopaplogo.png,"Ξανθίππου και Θουκυδίδου,Χολαργός,Τ.Κ. 15561",15561,,info@dopap.gr,,,,,NO,,,wefit,,,YES,1804,dopappapagouxolargou,,,,,kleistou-xorou,tae-kwon-do,23.78819,37.98871,
289,BRASA HELLAS - IRAKLIS GRIGORIADIS FIGHT TEAM,Αθήνα,Χολαργός,Πολεμικές τέχνες,Ju Jitsu,,,www.facebook.com/brasahellas/,,https://www.polemikes-tehnes.gr/pics/logos/b/20171121212632531.jpg,,,, iraklisgrigoriadis@hotmail.com,,,,,NO,,,polemikes-texnes.gr,,,YES,1805,brasahellas,,,,,polemikes-texnes,jujitsu,23.85836577,38.00985028,
290,PLANET FITNESS & MORE,Αθήνα,Ψυχικό,Κλειστού Χώρου,Γυμναστήριο,,,https://www.facebook.com/planet.psychiko/info?tab=overview,http://planetfitness.gr/clubs/psychiko/,logo (2).png,"Λεωφ. Κηφισίας 338, Ψυχικό,T.K. 154 51",15451,,,,,,,NO,,,wefit,,,YES,1809,planet.psychiko,,,,,kleistou-xorou,gym,23.77892893,38.00857925,
291,Μικρό Επιστημονικό - Σχολική Μελέτη και Δραστηριότητες,Θεσσαλονίκη,ΑνωΤούμπα,Εκπαιδευτικά,Κέντρο Δημιουργικής ΑπασχόλησηςΠαιδιών,,,https://www.facebook.com/%CE%9C%CE%B9%CE%BA%CF%81%CF%8C-%CE%95%CF%80%CE%B9%CF%83%CF%84%CE%B7%CE%BC%CE%BF%CE%BD%CE%B9%CE%BA%CF%8C-%CE%A3%CF%87%CE%BF%CE%BB%CE%B9%CE%BA%CE%AE-%CE%9C%CE%B5%CE%BB%CE%AD%CF%84%CE%B7-%CE%BA%CE%B1%CE%B9-%CE%94%CF%81%CE%B1%CF%83%CF%84%CE%B7%CF%81%CE%B9%CF%8C%CF%84%CE%B7%CF%84%CE%B5%CF%82-521808487974776/,www.mikroepistimoniko.gr,7597-logo.jpg,Χρ. Περραιβού 42 - Α. Τούμπα,54352,,info@epistimoniko.gr,,,,,YES,,,me,,,YES,7597,521808487974776,7597-profile.jpg,7597-cover.jpg,,2018-10-30,ekpaideutika,dimiourgiki-apasxolisi,,,
